exposure_days,days_in_quar,days_in_extended_quar,days_in_iso,t_latent,t_incubation,t_post_incubation,time_discharged,index_case,symptomatic,vaccinated,compliance,FoI_max,FoI_community
0.1,3.0000000000000013,4.000000000000002,9.99999999999998,0.1,9.76518435729708,6.918992213877701,1911.0,0,0,0,1.0,0.20556821897142571,0.030070414154988408
1.0999999999999999,4.000000000000002,4.000000000000002,9.99999999999998,0.1,6.483579131135741,9.134315324775542,2807.0,0,0,0,1.0,0.07516299826172308,0.1321900790130564
0.7,4.000000000000002,0.0,9.99999999999998,0.1,5.0224277012980245,9.706289445001126,3641.0,1,0,1,1.0,1.1390070226808953,1.2163242630181563
2.0000000000000004,6.999999999999991,13.999999999999966,0.0,0.1,5.135707466850094,7.54573183774899,3818.0,0,0,0,1.0,0.00012243662712959027,0.00046147932610101456
1.9000000000000006,4.000000000000002,0.0,9.99999999999998,0.1,10.106586565750431,6.749681069252995,5379.0,1,0,1,1.0,0.00010738235946174876,0.0003885084505284452
1.9000000000000006,4.000000000000002,0.0,9.99999999999998,0.1,8.961886775149184,9.057988203097953,6971.0,1,0,1,1.0,0.29551207707980665,0.9955811342843951
1.3,4.000000000000002,13.999999999999966,0.0,0.1,8.635585267559717,8.737669366186662,7837.0,0,0,0,1.0,4.0909146960775903e-10,8.857046443236453e-10
2.0000000000000004,4.000000000000002,13.999999999999966,0.0,0.1,10.160765563330086,6.229508489847816,9091.0,0,0,0,1.0,0.20618928487998578,0.8285988602762057
8.499999999999986,4.000000000000002,13.999999999999966,0.0,0.1,3.9532304881319504,5.967980925189843,9091.0,0,1,0,1.0,0.0015369992176148854,0.042988198623425504
0.9999999999999999,4.000000000000002,0.0,9.99999999999998,0.1,8.195367667073175,8.096685404754798,9393.0,1,0,1,1.0,0.0003541220680356171,0.0005729676172609857
2.700000000000001,7.999999999999988,0.0,9.99999999999998,0.1,12.629253828891486,8.9452290429635,10245.0,1,0,1,1.0,0.0006473632230919069,0.003432353408735832
0.2,4.000000000000002,4.000000000000002,9.99999999999998,0.1,5.984770019692358,8.460932175190212,11084.0,0,0,0,1.0,4.8787328464691715,1.4250387368861452
0.4,4.000000000000002,0.0,9.99999999999998,0.1,8.513492410421962,6.796715956205665,11922.0,1,0,1,1.0,2.2894809386069135e-5,1.3889962854457005e-5
3.700000000000002,4.000000000000002,0.0,9.99999999999998,0.1,12.41457983557713,9.192423325501922,12151.0,1,0,1,1.0,0.2418382554321935,1.9453982315378076
0.4,4.000000000000002,0.0,9.99999999999998,0.1,14.070436982363155,7.448436191784582,15124.0,1,0,1,1.0,0.004077659071913548,0.00243354060158681
0.7,4.000000000000002,0.0,9.99999999999998,0.1,7.9649183043077185,7.917965406214082,15985.0,1,0,1,1.0,1.6621152424635582e-8,1.7960730015134505e-8
0.1,4.000000000000002,0.0,9.99999999999998,0.1,5.522494137842443,8.944918473726817,16107.0,1,0,1,1.0,1.569201450640994e-9,2.249173612424665e-10
1.0999999999999999,4.000000000000002,0.0,9.99999999999998,0.1,6.9137532772695875,9.529188012772675,17285.0,1,0,1,1.0,2.8191926391003688e-5,4.9527243631536476e-5
1.7000000000000004,7.999999999999988,0.0,9.99999999999998,0.1,17.84870650934043,8.16571485948425,17741.0,1,0,1,1.0,0.003920474272875623,0.011635545437036095
0.30000000000000004,6.999999999999991,4.000000000000002,9.99999999999998,0.1,6.8344670921346795,9.103216719332613,18374.0,0,0,0,1.0,0.7002526598837809,0.3091192265987135
8.399999999999986,13.999999999999966,0.0,0.0,0.1,2.4401031698076254,7.449455534187926,21367.0,0,1,0,1.0,1.4224705409042857,47.00679148673933
7.19999999999999,13.999999999999966,0.0,0.0,0.1,11.683280237077883,7.421423429922807,21367.0,0,1,0,1.0,0.32109177110762493,9.689777918050154
3.1000000000000014,0.9999999999999999,13.999999999999966,0.0,0.1,9.294600493011501,7.865369545821381,23353.0,0,0,0,1.0,1.0967887193031236,7.321153130341955
8.899999999999984,0.9999999999999999,13.999999999999966,0.0,0.1,4.63020292030293,8.388564036666983,23353.0,0,0,0,1.0,0.03029053327390457,1.114502380903994
7.099999999999991,7.999999999999988,13.999999999999966,0.0,0.1,6.523086193485713,5.44718617758062,23557.0,0,0,0,1.0,1.7172093743770615e-12,4.3325431056636035e-11
1.6000000000000003,4.000000000000002,13.999999999999966,0.0,0.1,7.021175886113403,5.020543907454087,23584.0,0,0,0,1.0,0.08449030169113086,0.2666902960110203
2.9000000000000012,4.000000000000002,4.000000000000002,9.99999999999998,0.1,8.59701567471888,9.113998183666899,23923.0,0,0,0,1.0,0.03660951815623473,0.20827529035623366
2.800000000000001,4.000000000000002,0.0,9.99999999999998,0.1,7.899822028994181,9.261171748686706,24388.0,1,0,1,1.0,0.0019333819871877643,0.010619519092546046
3.4000000000000017,4.000000000000002,0.0,9.99999999999998,0.1,10.339229533673288,8.200689591686785,24828.0,1,0,1,1.0,0.6428076371583318,4.833304289891619
2.2000000000000006,4.000000000000002,0.0,9.99999999999998,0.1,9.964598526855793,9.660092538568625,24860.0,1,0,1,1.0,9.708615858914744e-6,3.831939098827285e-5
1.4000000000000001,4.000000000000002,0.0,9.99999999999998,0.1,8.026907797298332,8.353972792698254,25794.0,1,0,1,1.0,0.0001674052906551703,0.00039628151071568617
0.8999999999999999,4.000000000000002,0.0,9.99999999999998,0.1,5.751486298602749,9.520545728258776,26260.0,1,0,1,1.0,1.9511107393256033,2.7581797790169222
2.0000000000000004,4.000000000000002,0.0,9.99999999999998,0.1,7.119363341412874,8.870949703554341,26645.0,1,0,1,1.0,2.9367562246491855e-10,1.0619370294928303e-9
1.0999999999999999,4.000000000000002,0.0,9.99999999999998,0.1,8.2873102939654,7.085614487669865,27426.0,1,0,1,1.0,0.0014360577016857765,0.002628664507560553
8.399999999999986,2.0000000000000004,13.999999999999966,0.0,0.1,2.392549834150657,8.367956041165467,27628.0,0,0,0,1.0,2.425842091297988e-5,0.00088425686896412
0.7,4.000000000000002,0.0,9.99999999999998,0.1,5.544795192382828,9.262702992140358,27791.0,1,0,1,1.0,3.7701331006267973e-13,4.019736827912879e-13
7.699999999999989,2.0000000000000004,13.999999999999966,0.0,0.1,13.885103201026446,8.627918239828318,30578.0,0,0,0,1.0,3.448378879569363e-21,1.0133182691070917e-19
0.4,7.999999999999988,0.0,9.99999999999998,0.1,8.588420701948406,9.879705719684257,31298.0,1,0,1,1.0,1.8341512209950831e-6,1.0938554404465996e-6
10.09999999999998,13.999999999999966,0.0,0.0,0.1,15.652221709868225,9.246925497245734,31773.0,1,0,1,1.0,0.61858641665477,25.36129199674552
0.5,7.999999999999988,4.000000000000002,9.99999999999998,0.1,8.159563871172663,6.577954528139809,32023.0,0,0,0,1.0,6.8174095588062994e-9,5.2286111147843316e-9
0.7999999999999999,4.000000000000002,0.0,9.99999999999998,0.1,5.994437187922767,9.167434336015962,32334.0,1,0,1,1.0,6.90060486706731e-8,8.560479610472766e-8
1.3,4.000000000000002,0.0,9.99999999999998,0.1,5.586754123671736,9.235451993379847,33485.0,0,0,0,1.0,0.011976555192405007,0.025436743760821588
4.6,13.999999999999966,0.0,0.0,0.1,16.636899471957843,5.612212397440648,33999.0,1,1,1,1.0,0.003722143505820089,0.059752242005745596
1.9000000000000006,4.000000000000002,0.0,9.99999999999998,0.1,7.5446877550186695,7.636490700465836,34341.0,0,0,0,1.0,1.4768148536346898e-7,5.197400087748804e-7
0.4,6.999999999999991,13.999999999999966,0.0,0.1,2.815805181542381,5.549142584259922,34348.0,0,0,0,1.0,0.4674946521342927,0.28827531434653914
0.1,7.999999999999988,0.0,9.99999999999998,0.1,8.124491602702221,9.829980490061539,36271.0,0,0,0,1.0,0.0005207043927862243,7.51927984572823e-5
0.30000000000000004,4.000000000000002,4.000000000000002,9.99999999999998,0.1,6.876593114894439,9.309736794005046,38093.0,0,0,0,1.0,0.4013720985546907,0.17887426773887502
0.2,4.000000000000002,0.0,9.99999999999998,0.1,5.955023920250152,9.206042754299908,39054.0,1,0,1,1.0,0.0026162394306714727,0.0007626077625742415
1.4000000000000001,3.0000000000000013,13.999999999999966,0.0,0.1,6.292524076927294,7.970246577342169,40216.0,0,0,0,1.0,0.2266920922542039,0.5421804703712855
0.6,4.000000000000002,0.0,9.99999999999998,0.1,6.561190632064105,8.919110784735706,40345.0,1,0,1,1.0,2.901266081302231e-16,2.6756819421666226e-16
2.1000000000000005,4.000000000000002,0.0,9.99999999999998,0.1,7.533460360664368,9.202192830492063,40813.0,1,0,1,1.0,4.174079748376437e-12,1.5841599792468914e-11
1.5000000000000002,4.000000000000002,0.0,9.99999999999998,0.1,11.073109059657753,9.246876288595274,41804.0,1,0,1,1.0,0.01439846844743194,0.03658582333142548
3.5000000000000018,4.000000000000002,0.0,9.99999999999998,0.1,8.52198394668673,9.335079610571773,43083.0,1,0,1,1.0,2.5897357505567378,18.96335613327911
0.5,7.999999999999988,0.0,9.99999999999998,0.1,18.804636390561427,8.008642595359579,43386.0,1,0,1,1.0,0.0002688407297420063,0.00020606112539563258
0.7999999999999999,4.000000000000002,0.0,9.99999999999998,0.1,5.676600639812524,9.639440667397837,44083.0,1,0,1,1.0,3.737124469877512e-9,4.620116511373893e-9
0.4,4.000000000000002,0.0,9.99999999999998,0.1,4.595598668845994,9.80573235794202,45342.0,1,0,1,1.0,2.5274658692872277e-6,1.5101053967005774e-6
0.7,4.000000000000002,0.0,9.99999999999998,0.1,4.872613273899551,9.897106443047168,45859.0,1,0,1,1.0,4.289471899534122e-5,4.636022461347175e-5
0.30000000000000004,4.000000000000002,4.000000000000002,9.99999999999998,0.1,4.984563021393551,9.958192932051727,48290.0,0,0,0,1.0,0.18449911649682532,0.08131819080731972
0.7999999999999999,13.999999999999966,0.0,0.0,0.1,10.568468380868476,6.532247549945408,48331.0,1,0,1,1.0,1.2996508211364608e-12,1.6719411265756782e-12
8.099999999999987,4.000000000000002,13.999999999999966,0.0,0.1,16.54254475299231,6.621540038423758,48884.0,0,1,0,1.0,0.030587943623194655,0.9385748734843726
1.2,4.000000000000002,4.000000000000002,9.99999999999998,0.1,6.220081080984802,9.470145174584005,49058.0,0,0,0,1.0,0.000890370664505763,0.001745334347129768
0.2,4.000000000000002,0.0,9.99999999999998,0.1,7.327041420559943,9.0412059389233,49288.0,1,0,1,1.0,0.00010004880712493492,2.911744070950871e-5
0.6,4.000000000000002,0.0,9.99999999999998,0.1,3.8050645533672767,9.41667936779563,49546.0,0,0,0,1.0,3.7496225868807547e-13,3.4017217652698737e-13
0.30000000000000004,4.000000000000002,0.0,9.99999999999998,0.1,5.41507279975088,9.77918378944172,50858.0,1,0,1,1.0,1.801388788814671e-13,7.924829318350611e-14
3.5000000000000018,4.000000000000002,0.0,9.99999999999998,0.1,6.639700017459635,9.50104004654883,51346.0,0,0,0,1.0,0.0018730870434032186,0.013665157105995605
1.2,4.000000000000002,0.0,9.99999999999998,0.1,8.597999917375672,8.692658549006236,51386.0,1,0,1,1.0,6.23122871446392e-10,1.2207546123834488e-9
1.0999999999999999,4.000000000000002,0.0,9.99999999999998,0.1,13.992471676110574,9.709404767267667,52132.0,1,0,1,1.0,0.012445722101769132,0.021726442857489592
3.2000000000000015,4.000000000000002,0.0,9.99999999999998,0.1,9.427566796106497,9.214512737001694,53058.0,1,0,1,1.0,1.6692575513491414e-7,1.0831036304509331e-6
0.7999999999999999,4.000000000000002,0.0,9.99999999999998,0.1,12.587631514650521,9.579599256951456,54355.0,1,0,1,1.0,1.0874720150228891,1.3552717187544638
0.4,7.999999999999988,4.000000000000002,9.99999999999998,0.1,5.885035544170171,9.19723424638951,54425.0,0,0,0,1.0,0.005361154007640305,0.0032187266714419245
0.1,4.000000000000002,4.000000000000002,9.99999999999998,0.1,10.353489961988425,7.41582612841437,54845.0,0,0,0,1.0,0.0019442569338333443,0.0002828490922280133
1.4000000000000001,4.000000000000002,0.0,9.99999999999998,0.1,7.9509293573811535,9.136752592716082,55526.0,1,0,1,1.0,0.40321780833112336,0.9489546348086202
4.6,4.000000000000002,0.0,9.99999999999998,0.1,11.018890096299495,9.958332128119682,57105.0,1,0,1,1.0,0.00036792316920612186,0.003899378495430984
6.199999999999994,13.999999999999966,0.0,0.0,0.1,18.713573694154665,8.082174503677294,57433.0,1,0,1,1.0,0.7705653415523324,15.708951845359717
8.399999999999986,13.999999999999966,0.0,0.0,0.1,16.266360090803538,7.042988254790103,57624.0,1,1,1,1.0,4.891508514624872e-13,1.5754367067106143e-11
0.5,4.000000000000002,13.999999999999966,0.0,0.1,8.592631365650272,9.530208900796604,58480.0,0,0,0,1.0,3.575255121372956e-6,2.6737485697865334e-6
0.5,4.000000000000002,0.0,9.99999999999998,0.1,9.10797428449706,7.53618351686674,59498.0,1,0,1,1.0,0.24876145691549542,0.18861681215785037
0.1,3.0000000000000013,4.000000000000002,9.99999999999998,0.1,5.449227158873838,9.053402073122312,60177.0,0,0,0,1.0,0.05404545867398953,0.0077251442027636355
1.9000000000000006,4.000000000000002,0.0,9.99999999999998,0.1,9.553920369859663,9.660849207024523,60346.0,1,0,1,1.0,7.004663583409534,22.94376485430678
0.2,3.0000000000000013,4.000000000000002,9.99999999999998,0.1,4.265050675922196,9.969687559866465,62989.0,0,0,0,1.0,1.6876584110465005,0.49025289833213626
1.6000000000000003,7.999999999999988,0.0,9.99999999999998,0.1,10.971653253639513,9.735440148124898,63359.0,1,0,1,1.0,4.4609251535686864e-5,0.00011951749213924348
6.999999999999991,0.9999999999999999,13.999999999999966,0.0,0.1,12.74919416583444,5.40667529578441,64833.0,0,1,0,1.0,0.0038356935722690566,0.09773406204000896
0.4,7.999999999999988,0.0,9.99999999999998,0.1,11.06925371880589,8.504125580369717,67540.0,1,0,1,1.0,0.001341774668329873,0.0008027827079402222
2.1000000000000005,4.000000000000002,0.0,9.99999999999998,0.1,10.994577963573093,9.850286809588674,67611.0,1,0,1,1.0,0.011648716801373457,0.04310937280832544
0.1,3.0000000000000013,4.000000000000002,9.99999999999998,0.1,8.044515487611548,8.7206793076491,69224.0,0,0,0,1.0,1.3116539654554675,0.1901249409953861
0.30000000000000004,6.999999999999991,4.000000000000002,9.99999999999998,0.1,10.523162774633965,9.473366529879197,70367.0,0,0,0,1.0,6.356883384841374e-5,2.8370074811941812e-5
0.30000000000000004,2.0000000000000004,4.000000000000002,9.99999999999998,0.1,5.107544075493397,9.96003010153903,70548.0,0,0,0,1.0,3.618749203880224e-8,1.602711848196675e-8
1.8000000000000005,7.999999999999988,0.0,9.99999999999998,0.1,8.872554466425893,9.88896350508001,72775.0,0,0,0,1.0,0.009649166057768966,0.02984160704874266
4.799999999999999,4.000000000000002,4.000000000000002,9.99999999999998,0.1,10.806812009717499,9.389126975940112,73730.0,0,0,0,1.0,6.669858305309754e-7,7.90986801681104e-6
1.6000000000000003,2.0000000000000004,13.999999999999966,0.0,0.1,8.50541733999817,7.343596568688681,74046.0,0,0,0,1.0,0.3601336500837175,1.024875112470022
7.999999999999988,2.0000000000000004,13.999999999999966,0.0,0.1,3.871565304278471,8.58698061699329,74046.0,0,1,0,1.0,1.1862096837170096e-5,0.00038421463730189075
0.8999999999999999,7.999999999999988,0.0,9.99999999999998,0.1,11.089321059579087,8.217824482961813,75016.0,1,0,1,1.0,8.351977772431069e-6,1.2063032486560889e-5
1.0999999999999999,4.000000000000002,0.0,9.99999999999998,0.1,6.4014648996314065,9.693002896844842,76100.0,1,0,1,1.0,0.026586848652163608,0.046807840633109735
0.1,4.000000000000002,0.0,9.99999999999998,0.1,4.962256576297601,9.09080244619965,77173.0,1,0,1,1.0,3.1732327109695085e-15,4.581209212570536e-16
2.1000000000000005,4.000000000000002,4.000000000000002,9.99999999999998,0.1,8.38500150043111,9.970154454071292,77547.0,0,0,0,1.0,1.7930953207816969,6.655662772551449
2.0000000000000004,4.000000000000002,0.0,9.99999999999998,0.1,7.504713486044473,6.18470217246406,79399.0,0,0,0,1.0,8.348101482745559e-7,3.3625817259060507e-6
7.099999999999991,4.000000000000002,13.999999999999966,0.0,0.1,8.752184174271632,8.561889707149996,79977.0,0,0,0,1.0,0.018011973932479577,0.4515485438012242
6.5999999999999925,13.999999999999966,0.0,0.0,0.1,5.740840957601789,6.693388372894205,80884.0,0,1,0,1.0,0.31004601209972854,8.814716562657964
0.30000000000000004,13.999999999999966,0.0,0.0,0.1,8.621985350170702,8.114176172526431,80884.0,1,0,1,1.0,0.4162551574390593,0.1859356687050852
2.500000000000001,4.000000000000002,13.999999999999966,0.0,0.1,7.713741430167914,9.283223413580775,80977.0,0,0,0,1.0,2.825118726524695e-5,0.00013393618717141397
7.099999999999991,4.000000000000002,13.999999999999966,0.0,0.1,18.266529044110605,5.32957776112417,81253.0,0,1,0,1.0,0.006636647364866778,0.17012058731788035
0.1,4.000000000000002,0.0,9.99999999999998,0.1,4.655258277311094,9.518126222909869,81263.0,1,0,1,1.0,3.978220588146199e-5,5.72318530176428e-6
1.6000000000000003,7.999999999999988,0.0,9.99999999999998,0.1,11.51334430884715,8.210654243005814,81948.0,1,0,1,1.0,0.0010157954420338742,0.0028169704297163938
10.09999999999998,13.999999999999966,0.0,0.0,0.1,5.2812412452361315,5.860121372185882,85093.0,0,0,0,1.0,0.9934676772844254,28.644825823947812
7.099999999999991,13.999999999999966,0.0,0.0,0.1,6.255310738006312,7.846554737503614,85093.0,0,0,0,1.0,0.3551611049064594,9.737693396746534
0.5,4.000000000000002,0.0,9.99999999999998,0.1,8.318532421883669,8.044952956504893,86186.0,1,0,1,1.0,6.936103368016675e-6,5.206275930839984e-6
2.2000000000000006,4.000000000000002,0.0,9.99999999999998,0.1,11.244443072145154,8.151551712841549,86773.0,1,0,1,1.0,1.974293236664015e-11,8.088478262045987e-11
2.400000000000001,4.000000000000002,0.0,9.99999999999998,0.1,6.7820884645382895,9.958886280789773,87445.0,1,0,1,1.0,6.187803317850089e-11,2.710742719262653e-10
1.8000000000000005,3.0000000000000013,4.000000000000002,9.99999999999998,0.1,7.950623082515479,8.235706218417839,87642.0,0,0,0,1.0,16.45860413012174,53.19930716402173
13.299999999999969,13.999999999999966,0.0,0.0,0.1,5.043916429336034,8.887595653352811,88410.0,0,1,0,1.0,0.01677436508369734,0.7015979188543061
1.0999999999999999,13.999999999999966,0.0,0.0,0.1,10.836475011614574,6.596997043137229,88410.0,1,0,1,1.0,0.806284105011708,1.5109868655368937
1.6000000000000003,7.999999999999988,4.000000000000002,9.99999999999998,0.1,6.557280191344545,9.140246502036133,88620.0,0,0,0,1.0,0.004457586256762255,0.012262317868741834
0.2,4.000000000000002,0.0,9.99999999999998,0.1,4.809291010407594,9.57515749015229,89289.0,1,0,1,1.0,1.851449097026837e-9,5.380235852074155e-10
0.1,4.000000000000002,0.0,9.99999999999998,0.1,5.786912137710009,8.546515566176122,89812.0,1,0,1,1.0,1.9864427173285878e-12,2.8744688677693204e-13
0.9999999999999999,4.000000000000002,0.0,9.99999999999998,0.1,9.60911941869477,9.63325618859549,90505.0,1,0,1,1.0,0.00015904903036847483,0.00025109303303623475
9.699999999999982,7.999999999999988,13.999999999999966,0.0,0.1,6.888352147158354,5.441987838824637,93914.0,0,1,0,1.0,5.076464953860047e-5,0.001403866985700855
0.8999999999999999,7.999999999999988,13.999999999999966,0.0,0.1,9.301840142112814,5.833908664537378,93914.0,0,0,0,1.0,2.4839123200664095,3.7069142472980228
2.1000000000000005,4.000000000000002,4.000000000000002,9.99999999999998,0.1,8.470101392046352,7.685715852835802,94448.0,0,0,0,1.0,0.025502244908435775,0.10113140538830376
0.6,7.999999999999988,4.000000000000002,9.99999999999998,0.1,12.001958068799533,8.996234322356022,97549.0,0,0,0,1.0,0.0209069690448758,0.019335234432197156
1.9000000000000006,4.000000000000002,0.0,9.99999999999998,0.1,8.852065487668456,9.26742322834215,98211.0,1,0,1,1.0,4.7644345507973975,15.955847008197921
0.7999999999999999,7.999999999999988,0.0,9.99999999999998,0.1,5.412411370517401,9.089037000686215,98468.0,0,0,0,1.0,0.011822284758405108,0.014584563086167483
0.6,4.000000000000002,0.0,9.99999999999998,0.1,7.305761978021359,9.553186886579988,100326.0,1,0,1,1.0,0.0003524068826476554,0.0003238765557858403
0.7999999999999999,4.000000000000002,0.0,9.99999999999998,0.1,6.141712451925642,8.795907019724163,100592.0,1,0,1,1.0,3.2309995398137524e-5,4.0364900773327505e-5
24.60000000000008,13.999999999999966,0.0,0.0,0.1,32.20196081619435,8.812444133749128,102428.0,1,1,1,1.0,5.627809573750063e-15,3.1186815055599745e-13
2.3000000000000007,4.000000000000002,0.0,9.99999999999998,0.1,7.280035591457371,9.865053076253583,104284.0,1,0,1,1.0,1.4107811690780886e-13,5.896927706005586e-13
0.8999999999999999,4.000000000000002,0.0,9.99999999999998,0.1,6.391188796052072,8.5358458167781,105634.0,1,0,1,1.0,0.42385878774175356,0.6013860311363313
0.7,4.000000000000002,0.0,9.99999999999998,0.1,6.839144777782525,8.624322797422437,106962.0,1,0,1,1.0,0.006923725538949057,0.007488204691844204
8.399999999999986,2.0000000000000004,13.999999999999966,0.0,0.1,9.292293755115724,9.745866613353567,107060.0,0,0,0,1.0,1.1535643639559228e-12,3.5821635390119405e-11
2.0000000000000004,4.000000000000002,0.0,9.99999999999998,0.1,6.952815682685975,9.214661031333542,107589.0,1,0,1,1.0,2.986399082196837e-10,1.0634428878994415e-9
0.2,4.000000000000002,0.0,9.99999999999998,0.1,7.714895269428369,8.958242410094028,108044.0,1,0,1,1.0,0.21434850247934947,0.06213881979728325
3.800000000000002,0.9999999999999999,4.000000000000002,9.99999999999998,0.1,8.977531103623136,8.984765946931994,108354.0,0,0,0,1.0,0.5917881670723103,4.999197546004784
0.4,4.000000000000002,0.0,9.99999999999998,0.1,6.105064996198605,7.766087285162452,110160.0,0,0,0,1.0,3.5260169225764695e-7,2.130503823508051e-7
1.5000000000000002,2.0000000000000004,13.999999999999966,0.0,0.1,7.570593837066295,8.252257827004627,111581.0,0,0,0,1.0,2.136882569360256e-8,5.458222240655652e-8
0.4,4.000000000000002,0.0,9.99999999999998,0.1,6.123647102482959,9.27742594777552,112421.0,1,0,1,1.0,0.7165858645495617,0.4254278777856332
1.0999999999999999,13.999999999999966,0.0,0.0,0.1,10.274668878154996,6.544553209783728,113185.0,1,0,1,1.0,0.35928681273695623,0.6744163692243361
2.1000000000000005,4.000000000000002,0.0,9.99999999999998,0.1,10.563452266511419,8.839214961938783,114849.0,1,0,1,1.0,0.022521427889471347,0.08540439109062321
0.5,4.000000000000002,0.0,9.99999999999998,0.1,11.254155175562294,8.11907855175124,115157.0,1,0,1,1.0,0.002164090270037673,0.0016528969315847718
2.400000000000001,4.000000000000002,4.000000000000002,9.99999999999998,0.1,8.909026363117052,8.1018014264767,115166.0,0,0,0,1.0,0.1427566456891027,0.6558147410302079
0.1,4.000000000000002,0.0,9.99999999999998,0.1,7.275780421356518,7.562492147000911,115397.0,1,0,1,1.0,1.7242632288948014,0.2516284843223794
1.4000000000000001,4.000000000000002,0.0,9.99999999999998,0.1,9.65660091029289,8.832760308500532,115529.0,1,0,1,1.0,1.8986531440463335,4.421162489227055
2.9000000000000012,4.000000000000002,0.0,9.99999999999998,0.1,7.875822582752393,9.421626718023417,115895.0,1,0,1,1.0,2.3725692660806588,13.5528398554105
4.899999999999999,4.000000000000002,13.999999999999966,0.0,0.1,10.04543261373981,9.75072472076,118348.0,0,0,0,1.0,3.2277063312552266e-5,0.00038680786281682333
0.7999999999999999,5.999999999999995,13.999999999999966,0.0,0.1,5.899574697656975,7.37100300247059,118639.0,0,0,0,1.0,3.239722781661702,4.144899152576245
1.8000000000000005,4.000000000000002,0.0,9.99999999999998,0.1,8.122670981755022,9.66895946924575,119012.0,1,0,1,1.0,0.17415133065802177,0.5408155853866192
0.2,13.999999999999966,0.0,0.0,0.1,7.394735154255491,8.42701698564477,119531.0,1,0,1,1.0,4.578386667507744e-5,1.3376054813986981e-5
0.4,4.000000000000002,0.0,9.99999999999998,0.1,7.514985421664267,9.011039890240342,119581.0,1,0,1,1.0,0.002880609794539539,0.0017349905670571008
2.500000000000001,4.000000000000002,0.0,9.99999999999998,0.1,6.876591599629233,9.68260531431782,119713.0,1,0,1,1.0,0.008160558639564186,0.03777561479549735
0.7,4.000000000000002,0.0,9.99999999999998,0.1,8.43374783592429,8.391336892378753,120473.0,1,0,1,1.0,5.453592083526439e-7,5.943793003699363e-7
6.999999999999991,4.000000000000002,13.999999999999966,0.0,0.1,7.256917494361286,7.461050165581808,120859.0,0,0,0,1.0,0.14464699795541383,4.090991061601883
0.1,4.000000000000002,0.0,9.99999999999998,0.1,4.938049614594618,9.521788815140571,121077.0,1,0,1,1.0,1.4525142854113997e-12,2.1080822291212106e-13
0.6,4.000000000000002,0.0,9.99999999999998,0.1,6.62656934867189,9.728650658861042,121779.0,1,0,1,1.0,0.006597945431496628,0.0060221449762874885
2.400000000000001,7.999999999999988,0.0,9.99999999999998,0.1,15.015703002029177,8.762437263642513,122240.0,1,0,1,1.0,0.1506910018173389,0.676639538837244
0.9999999999999999,4.000000000000002,0.0,9.99999999999998,0.1,8.643977348261306,8.01409015400889,122793.0,1,0,1,1.0,2.6888373284295737,4.302928249301901
0.1,6.999999999999991,13.999999999999966,0.0,0.1,5.157899563594307,9.349571519948626,122954.0,0,0,0,1.0,6.57847764733995e-11,9.412449666704581e-12
1.7000000000000004,4.000000000000002,4.000000000000002,9.99999999999998,0.1,8.976690017661793,9.90805367020346,123070.0,0,0,0,1.0,2.477398102195886,7.191481419353166
2.500000000000001,4.000000000000002,0.0,9.99999999999998,0.1,7.4670519771997785,9.653724055880229,124215.0,1,0,1,1.0,0.9936288367456739,4.655683010461024
0.8999999999999999,4.000000000000002,4.000000000000002,9.99999999999998,0.1,6.238159120258742,9.219537707496038,124219.0,0,0,0,1.0,8.761174825424233e-7,1.2425267753236833e-6
0.1,4.000000000000002,0.0,9.99999999999998,0.1,8.484985053227515,5.488647994370704,124371.0,0,0,0,1.0,0.002362645842618521,0.0003464479636851955
1.8000000000000005,13.999999999999966,0.0,0.0,0.1,19.91711055490835,7.9507150024607505,125613.0,1,0,1,1.0,0.009112722068133884,0.029364465267956146
0.9999999999999999,7.999999999999988,0.0,9.99999999999998,0.1,4.469458336416569,9.728855655631396,127665.0,0,0,0,1.0,0.0005620377437791394,0.0008974561535626178
0.4,7.999999999999988,0.0,9.99999999999998,0.1,9.811792645083823,9.07733168833043,127918.0,1,0,1,1.0,0.017495355031828308,0.01034972569797642
0.2,7.999999999999988,0.0,9.99999999999998,0.1,11.161662621025558,5.251493242639944,128002.0,0,0,0,1.0,0.036879997544746884,0.010788492091307259
0.2,4.000000000000002,0.0,9.99999999999998,0.1,5.137607001613242,8.951972199514199,128889.0,0,0,0,1.0,2.9652813661073573e-5,8.733740581685443e-6
0.7,7.999999999999988,0.0,9.99999999999998,0.1,10.123935543795778,9.549160850752298,129908.0,1,0,1,1.0,5.3108002771412135e-14,5.745374446458535e-14
2.2000000000000006,4.000000000000002,0.0,9.99999999999998,0.1,11.261242374412248,9.024382899768867,130417.0,1,0,1,1.0,3.55920806555727e-5,0.000142466376661139
1.5000000000000002,4.000000000000002,0.0,9.99999999999998,0.1,13.756451301867358,9.77231767849073,132558.0,1,0,1,1.0,0.004079092615637453,0.010251356226621634
10.999999999999977,4.000000000000002,13.999999999999966,0.0,0.1,15.550503274438517,6.2774578574538555,132890.0,0,0,0,1.0,0.08347881182137813,2.7547236132502935
2.800000000000001,13.999999999999966,0.0,0.0,0.1,4.648932871809737,9.561845152955126,133673.0,0,0,0,1.0,0.00012232791174282301,0.0006541939836374054
1.4000000000000001,4.000000000000002,0.0,9.99999999999998,0.1,6.338437796102732,9.93511713486666,133938.0,1,0,1,1.0,0.8798526885266793,2.0137918446031944
2.3000000000000007,4.000000000000002,4.000000000000002,9.99999999999998,0.1,7.566060541301857,9.166633007620181,135060.0,0,0,0,1.0,4.14704253291903,17.50215755603166
2.0000000000000004,2.0000000000000004,4.000000000000002,9.99999999999998,0.1,7.289465464257301,8.860012493895221,135206.0,0,0,0,1.0,0.0005782835485825899,0.002074357223933154
2.1000000000000005,4.000000000000002,0.0,9.99999999999998,0.1,7.767874463077877,9.57838528630824,135830.0,1,0,1,1.0,0.00278518631206775,0.010365983447101938
11.599999999999975,13.999999999999966,0.0,0.0,0.1,15.909099232479955,5.860884637662055,136603.0,0,0,0,1.0,3.300577878303543e-22,1.0477794433142161e-20
0.5,3.0000000000000013,4.000000000000002,9.99999999999998,0.1,5.723232838113776,9.343025651695047,136940.0,0,0,0,1.0,2.435031472405861e-13,1.8392831976782938e-13
0.8999999999999999,4.000000000000002,0.0,9.99999999999998,0.1,5.2169743844331595,9.963641639570774,138503.0,1,0,1,1.0,1.2896797721501677e-24,1.825013498863232e-24
1.0999999999999999,2.0000000000000004,13.999999999999966,0.0,0.1,6.688585424410988,8.567706600427357,138547.0,0,0,0,1.0,0.002339934366874312,0.00418301268822143
0.30000000000000004,4.000000000000002,0.0,9.99999999999998,0.1,5.847374527215636,8.647658608685855,144088.0,1,0,1,1.0,0.011867323967543834,0.005287605467878102
1.5000000000000002,4.000000000000002,13.999999999999966,0.0,0.1,7.599366777593938,8.362627848035066,144365.0,0,0,0,1.0,0.48000318483814064,1.2343387321376218
0.1,4.000000000000002,0.0,9.99999999999998,0.1,8.041772362104556,9.547952736679047,145552.0,1,0,1,1.0,0.019386347162539314,0.0027724669723220075
0.2,4.000000000000002,0.0,9.99999999999998,0.1,6.9045539804873135,9.095423565885396,146113.0,1,0,1,1.0,3.3416373530087276,0.9775540154093867
11.099999999999977,13.999999999999966,0.0,0.0,0.1,5.960567829308429,6.460957750513448,146531.0,0,1,0,1.0,1.4455054070728724e-6,4.5892398895606684e-5
1.5000000000000002,4.000000000000002,0.0,9.99999999999998,0.1,6.6515467628508045,9.79579246355869,150889.0,1,0,1,1.0,4.813563754646903e-27,1.2030139743482454e-26
0.6,4.000000000000002,0.0,9.99999999999998,0.1,11.065485684221018,6.139900108218189,151221.0,1,0,1,1.0,6.176599658064917e-5,5.871745902252931e-5
0.7999999999999999,4.000000000000002,0.0,9.99999999999998,0.1,9.396092963122252,6.196967721430619,151892.0,1,0,1,1.0,0.01785820402660578,0.022845837625929972
0.9999999999999999,0.9999999999999999,4.000000000000002,9.99999999999998,0.1,7.1515411495669685,8.01716676227461,151985.0,0,0,0,1.0,0.005755755376302853,0.009348387434984114
6.499999999999993,0.9999999999999999,13.999999999999966,0.0,0.1,5.285523406656649,5.793986063665377,152109.0,0,0,0,1.0,0.15132848177649952,3.947014044999557
8.299999999999986,13.999999999999966,0.0,0.0,0.1,6.087697068954172,6.769847675607644,154045.0,0,0,0,1.0,1.1746944729713842,36.889668835738696
1.2,4.000000000000002,0.0,9.99999999999998,0.1,8.001685974637134,9.520817360827422,155383.0,1,0,1,1.0,1.1753618514732144e-8,2.28111117354635e-8
2.0000000000000004,4.000000000000002,0.0,9.99999999999998,0.1,9.551837037480908,9.40137868097382,155706.0,1,0,1,1.0,0.1446891935744371,0.5101817370063249
0.6,4.000000000000002,0.0,9.99999999999998,0.1,6.038131431335101,5.75028438975437,155891.0,0,0,0,1.0,3.388683730422331e-6,3.2624585161937156e-6
0.2,4.000000000000002,0.0,9.99999999999998,0.1,9.097115037898847,9.539188384830998,156690.0,1,0,1,1.0,1.4748728841581291,0.4340043586146589
0.9999999999999999,4.000000000000002,0.0,9.99999999999998,0.1,9.929442640444647,9.788523355493405,157078.0,1,0,1,1.0,4.045896030349872,6.449015190493353
2.1000000000000005,4.000000000000002,0.0,9.99999999999998,0.1,9.66782716815291,8.2919108582126,157605.0,1,0,1,1.0,1.7260504442276952,6.642174755115381
0.4,0.9999999999999999,4.000000000000002,9.99999999999998,0.1,6.210247599828394,8.607872836861926,159212.0,0,0,0,1.0,4.344518547199405e-9,2.5795736209465817e-9
4.699999999999999,4.000000000000002,13.999999999999966,0.0,0.1,8.448876880544377,9.306532541329776,159533.0,0,0,0,1.0,1.8385807107557557e-5,0.00021023234597727008
2.3000000000000007,2.0000000000000004,12.99999999999997,9.99999999999998,0.1,9.274829101021076,9.08061275617846,159764.0,0,0,0,1.0,12.406721564517213,52.74703973849659
1.3,4.000000000000002,4.000000000000002,9.99999999999998,0.1,7.452873397401339,8.380065309281498,160662.0,0,0,0,1.0,0.007084575457181012,0.015297715595119889
0.30000000000000004,4.000000000000002,0.0,9.99999999999998,0.1,5.76767202226646,9.457415279553434,161581.0,1,0,1,1.0,3.8349073480787774e-10,1.7046141203711757e-10
0.1,4.000000000000002,0.0,9.99999999999998,0.1,8.326722386170468,5.872788887438656,161768.0,1,0,1,1.0,0.07081415140624368,0.010155135880117794
0.4,4.000000000000002,0.0,9.99999999999998,0.1,8.354108753659213,9.3865220621629,162835.0,1,0,1,1.0,9.503114628515957e-7,5.71562272152526e-7
0.4,4.000000000000002,0.0,9.99999999999998,0.1,7.3545154324814925,6.587645750373836,165915.0,0,0,0,1.0,0.5221821307193393,0.3159891843605188
1.9000000000000006,3.0000000000000013,4.000000000000002,9.99999999999998,0.1,6.485677421872798,9.997163292185025,167159.0,0,0,0,1.0,8.973972017361135,29.661207624173063
2.1000000000000005,4.000000000000002,0.0,9.99999999999998,0.1,6.884969233570962,9.96477897466151,167773.0,1,0,1,1.0,0.913420740725088,3.4006031602805233
1.8000000000000005,7.999999999999988,0.0,9.99999999999998,0.1,7.571242394638468,9.56392767039791,168906.0,0,0,0,1.0,2.3008478134067703e-7,7.123536057209322e-7
12.89999999999997,4.000000000000002,13.999999999999966,0.0,0.1,6.696574046231421,9.251465843236522,169890.0,0,1,0,1.0,1.4877242358075552e-6,6.56351224697265e-5
8.799999999999985,4.000000000000002,13.999999999999966,0.0,0.1,6.644592718389034,6.181381226431524,169890.0,0,1,0,1.0,0.0020010890278667707,0.059075201701248366
0.7,4.000000000000002,0.0,9.99999999999998,0.1,5.33890012360313,8.548641809562124,170886.0,0,0,0,1.0,0.004659225798535884,0.00509419040534619
2.3000000000000007,4.000000000000002,13.999999999999966,0.0,0.1,11.850461895675625,6.960125279792502,171399.0,0,0,0,1.0,0.006645276922822024,0.030299324317264998
1.0999999999999999,4.000000000000002,0.0,9.99999999999998,0.1,6.058863588321249,9.214403586985007,172544.0,1,0,1,1.0,0.22380496566030064,0.3981226325781675
0.7,4.000000000000002,0.0,9.99999999999998,0.1,9.373937103401941,8.886190312869285,172967.0,1,0,1,1.0,1.1546158720162396e-9,1.257775349589926e-9
0.9999999999999999,7.999999999999988,0.0,9.99999999999998,0.1,7.040954619946258,8.519921784819132,175261.0,0,0,0,1.0,0.14623012303623356,0.2352594908445271
1.6000000000000003,4.000000000000002,0.0,9.99999999999998,0.1,9.367351544434902,8.072237170953642,175974.0,1,0,1,1.0,0.0037178624835365573,0.010470446877954478
0.9999999999999999,0.9999999999999999,4.000000000000002,9.99999999999998,0.1,8.794029892933985,6.893149176985735,176323.0,0,0,0,1.0,0.7487494638672721,1.2488870478505296
0.7,4.000000000000002,4.000000000000002,9.99999999999998,0.1,5.852781512661102,9.160330710115375,176521.0,0,0,0,1.0,0.000326387709984217,0.00034915016274387903
8.999999999999984,13.999999999999966,0.0,0.0,0.1,17.87908271898573,9.542489005004628,177198.0,1,1,1,1.0,0.017323502087867447,0.6393209693845641
2.600000000000001,7.999999999999988,0.0,9.99999999999998,0.1,14.30252318308237,6.680101574992049,177661.0,1,0,1,1.0,0.8153723822990364,4.543775829996022
1.0999999999999999,0.9999999999999999,13.999999999999966,0.0,0.1,5.605247263569777,9.84655382640517,178070.0,0,0,0,1.0,0.0001099822497826926,0.00019311868245365757
6.199999999999994,7.999999999999988,13.999999999999966,0.0,0.1,5.4245080490105275,8.510289045221064,178122.0,0,0,0,1.0,6.632660715463799e-7,1.2914542135725281e-5
0.30000000000000004,4.000000000000002,0.0,9.99999999999998,0.1,3.0072411569373765,9.645144854037135,178668.0,0,0,0,1.0,0.10958535477158958,0.048438040487426684
5.999999999999995,13.999999999999966,0.0,0.0,0.1,10.820193496666157,9.805565629771003,179829.0,1,0,1,1.0,4.860100328599196e-11,8.051497748395411e-10
1.8000000000000005,4.000000000000002,0.0,9.99999999999998,0.1,10.484876087205196,9.345804730010752,182123.0,1,0,1,1.0,1.0731714024486469e-13,3.353533646416127e-13
2.3000000000000007,4.000000000000002,0.0,9.99999999999998,0.1,8.185874485577104,8.25567521604632,183779.0,1,0,1,1.0,1.1607823629353964e-21,5.075840031039507e-21
0.8999999999999999,3.0000000000000013,4.000000000000002,9.99999999999998,0.1,8.850183640940914,5.341067578139041,183805.0,0,0,0,1.0,0.1603509789147052,0.24766510681247747
0.7999999999999999,0.9999999999999999,4.000000000000002,9.99999999999998,0.1,6.20977100290696,9.338552275544277,185860.0,0,0,0,1.0,7.039361905452336e-13,8.751180241710416e-13
0.8999999999999999,4.000000000000002,0.0,9.99999999999998,0.1,7.014247106816459,9.22295496760464,187384.0,1,0,1,1.0,0.0014595924459548542,0.0020568165991536698
1.4000000000000001,4.000000000000002,13.999999999999966,0.0,0.1,3.348217384971952,6.651511915439595,191033.0,0,0,0,1.0,0.008327681743839724,0.020884576487457656
0.1,4.000000000000002,4.000000000000002,9.99999999999998,0.1,8.719103974869558,8.155811371048404,191033.0,0,0,0,1.0,0.35364017763431066,0.051431148506995886
8.399999999999986,3.0000000000000013,13.999999999999966,0.0,0.1,6.498333730562417,6.047411523518871,192004.0,0,0,0,1.0,0.04339085261455371,1.263223386687364
3.5000000000000018,2.0000000000000004,13.999999999999966,0.0,0.1,9.587049883937441,8.0382392248038,194280.0,0,0,0,1.0,0.009901197525886035,0.07743704661549676
0.1,4.000000000000002,0.0,9.99999999999998,0.1,7.836099833220073,7.297850302110669,194773.0,1,0,1,1.0,2.955654453385019e-17,4.2611259133255436e-18
3.700000000000002,4.000000000000002,0.0,9.99999999999998,0.1,9.153902825723467,9.268103796552335,195508.0,1,0,1,1.0,0.04983074419148808,0.39423552528752015
1.8000000000000005,13.999999999999966,0.0,0.0,0.1,10.512086719112283,9.276548303353277,195974.0,1,0,1,1.0,0.0006235363364651302,0.0019293370832710818
0.6,4.000000000000002,0.0,9.99999999999998,0.1,4.774480151442059,8.989903634361722,196081.0,0,0,0,1.0,1.2586657277492628e-7,1.1556173079109452e-7
0.7,4.000000000000002,0.0,9.99999999999998,0.1,6.171503593080101,8.63825498057805,196432.0,1,0,1,1.0,3.292206446527921e-7,3.577826331818259e-7
1.5000000000000002,4.000000000000002,0.0,9.99999999999998,0.1,5.164998778698896,9.741144323368168,197030.0,0,0,0,1.0,3.588599124192362e-14,8.887840922461455e-14
0.9999999999999999,4.000000000000002,4.000000000000002,9.99999999999998,0.1,6.4832080320479095,8.53748214659457,197181.0,0,0,0,1.0,0.0008428486697783998,0.0013433028637211825
0.30000000000000004,4.000000000000002,4.000000000000002,9.99999999999998,0.1,7.553580866853094,9.15951939731589,197668.0,0,0,0,1.0,4.3616934997995226e-7,1.9150443133735323e-7
1.9000000000000006,0.9999999999999999,4.000000000000002,9.99999999999998,0.1,6.902236661115163,9.263001115220895,198510.0,0,0,0,1.0,0.46463119327943,1.5548811729416667
1.2,7.999999999999988,0.0,9.99999999999998,0.1,12.407182330062392,9.21397059524448,199272.0,1,0,1,1.0,12.729767581338656,24.872366579223335
0.5,4.000000000000002,0.0,9.99999999999998,0.1,8.608533207587977,6.841278264746147,202867.0,1,0,1,1.0,1.7884614849090903,1.3548574176787
0.6,0.9999999999999999,4.000000000000002,9.99999999999998,0.1,5.21565415425167,9.748988635842704,203007.0,0,0,0,1.0,9.378238392213333,8.564496016122678
0.1,3.0000000000000013,4.000000000000002,9.99999999999998,0.1,7.944410938982718,6.808007964372051,203943.0,0,0,0,1.0,0.0034591460219734974,0.0005016233774129338
3.0000000000000013,4.000000000000002,4.000000000000002,9.99999999999998,0.1,7.99527993588323,9.890237188530712,205127.0,0,0,0,1.0,3.221868544981009e-7,1.8950326228243526e-6
0.6,4.000000000000002,0.0,9.99999999999998,0.1,11.08085942187862,9.695714527262917,205528.0,1,0,1,1.0,0.0012181211869280652,0.001114277621125724
1.7000000000000004,3.0000000000000013,4.000000000000002,9.99999999999998,0.1,6.578319396187504,9.4993886652817,208329.0,0,0,0,1.0,3.481729981971672e-17,1.017219119329085e-16
3.0000000000000013,7.999999999999988,0.0,9.99999999999998,0.1,12.436206502979692,8.973609432041464,212401.0,1,0,1,1.0,3.7251892815073828e-25,2.2269830481253403e-24
1.8000000000000005,4.000000000000002,0.0,9.99999999999998,0.1,9.97015408485038,7.336535325045049,213601.0,1,0,1,1.0,0.08085906286085151,0.26334069734147725
2.1000000000000005,4.000000000000002,0.0,9.99999999999998,0.1,6.173256147546648,8.372248704265697,215277.0,0,0,0,1.0,3.332690189194023e-5,0.0001287485991845455
2.2000000000000006,2.0000000000000004,4.000000000000002,9.99999999999998,0.1,7.979885618986721,8.809554351511109,215300.0,0,0,0,1.0,0.006584830808158557,0.026880134345399653
2.1000000000000005,3.0000000000000013,13.999999999999966,0.0,0.1,11.526626643801297,5.087832933786048,216177.0,0,0,0,1.0,0.11502035394219653,0.5223771109686766
0.2,7.999999999999988,4.000000000000002,9.99999999999998,0.1,5.473254429132112,9.265288399101522,217265.0,0,0,0,1.0,2.644261212128182e-6,7.697263472035488e-7
0.8999999999999999,4.000000000000002,0.0,9.99999999999998,0.1,7.868414557025928,8.719396471931592,217276.0,1,0,1,1.0,0.012624903598931175,0.01781404659841246
2.500000000000001,4.000000000000002,4.000000000000002,9.99999999999998,0.1,10.710325801502911,7.067104181469842,221171.0,0,0,0,1.0,0.009193014598982344,0.04759757046841687
1.9000000000000006,4.000000000000002,0.0,9.99999999999998,0.1,5.9769923393884765,9.86857059784681,222415.0,1,0,1,1.0,0.02780432585357957,0.09125314925052239
0.2,2.0000000000000004,4.000000000000002,9.99999999999998,0.1,7.607138002974646,7.36109613599252,223798.0,0,0,0,1.0,1.5649203278538513e-13,4.613559350837787e-14
0.6,7.999999999999988,0.0,9.99999999999998,0.1,9.313786514332868,9.464309478469268,224086.0,1,0,1,1.0,0.0014855895494394992,0.0013604220439869933
0.2,4.000000000000002,0.0,9.99999999999998,0.1,8.771669072657403,6.390804773449485,224548.0,1,0,1,1.0,1.159555146483496,0.34442856751721884
0.7999999999999999,7.999999999999988,0.0,9.99999999999998,0.1,10.723727796413268,8.223981120342458,226784.0,1,0,1,1.0,7.899374189926056e-8,9.860649357846032e-8
3.700000000000002,4.000000000000002,0.0,9.99999999999998,0.1,7.111968425823662,8.883031217125765,228606.0,0,0,0,1.0,0.056999122642663415,0.46888854418150655
0.8999999999999999,3.0000000000000013,4.000000000000002,9.99999999999998,0.1,5.518459930840916,9.732080292371291,230483.0,0,0,0,1.0,3.787746433901688e-11,5.3361400919678615e-11
2.0000000000000004,3.0000000000000013,4.000000000000002,9.99999999999998,0.1,9.11000068801555,9.024568041979952,230564.0,0,0,0,1.0,0.002066343646902859,0.0073567383943026745
13.09999999999997,13.999999999999966,0.0,0.0,0.1,12.363234521662728,9.918165650133897,230637.0,0,1,0,1.0,0.002387918396193067,0.11293965652879312
0.8999999999999999,2.0000000000000004,4.000000000000002,9.99999999999998,0.1,5.126521404526379,9.926947703941947,230902.0,0,0,0,1.0,0.005480670857389168,0.007711500742727851
0.4,4.000000000000002,0.0,9.99999999999998,0.1,7.996781299186401,6.993931377217882,231360.0,1,0,1,1.0,3.284778660847233,1.9917159505746864
0.1,4.000000000000002,0.0,9.99999999999998,0.1,8.075300645048337,7.959903831257228,231521.0,1,0,1,1.0,0.013388423035027385,0.0019218731858774956
0.30000000000000004,4.000000000000002,0.0,9.99999999999998,0.1,5.766741221587779,8.497700610394856,233942.0,1,0,1,1.0,6.307556787797832e-6,2.794000714114907e-6
1.2,4.000000000000002,0.0,9.99999999999998,0.1,11.529267260131576,7.528432856366684,234522.0,1,0,1,1.0,0.0010260823430720395,0.002054576559168107
1.0999999999999999,4.000000000000002,0.0,9.99999999999998,0.1,10.078606904705754,8.450556614676426,235131.0,1,0,1,1.0,1.9626595615549647e-15,3.5257489835233572e-15
1.7000000000000004,4.000000000000002,0.0,9.99999999999998,0.1,7.674836937998332,9.65684664045655,236763.0,1,0,1,1.0,0.0038429883014131747,0.011160956040814057
0.5,13.999999999999966,0.0,0.0,0.1,6.797500459966118,8.130565455046453,237242.0,1,0,1,1.0,0.4060304040027635,0.3052510043913939
6.199999999999994,0.9999999999999999,13.999999999999966,0.0,0.1,11.786715891308747,8.586088224806801,237664.0,0,0,0,1.0,0.6222673895719784,12.127910913309204
1.4000000000000001,4.000000000000002,0.0,9.99999999999998,0.1,8.543840868562281,9.204478088541421,237764.0,1,0,1,1.0,1.0102922453794255e-9,2.3408466464252778e-9
10.19999999999998,2.0000000000000004,13.999999999999966,0.0,0.1,3.669952356492316,9.398294005130829,238226.0,0,0,0,1.0,1.0637040342846375e-5,0.0004454331436685584
2.400000000000001,7.999999999999988,0.0,9.99999999999998,0.1,15.877548489006216,7.610891915517791,238446.0,1,0,1,1.0,2.209578418233674e-5,0.0001034950667471519
0.5,2.0000000000000004,4.000000000000002,9.99999999999998,0.1,6.210841299718333,8.63898644048385,238928.0,0,0,0,1.0,5.277708217474776e-12,3.990035392471432e-12
2.0000000000000004,0.9999999999999999,4.000000000000002,9.99999999999998,0.1,6.776133064637908,9.333241132821394,239147.0,0,0,0,1.0,0.24607107440400477,0.8649581010876852
8.999999999999984,13.999999999999966,0.0,0.0,0.1,18.243491421312694,5.590579937516726,239590.0,1,1,1,1.0,0.03248203135071183,0.9410109874692535
0.1,7.999999999999988,0.0,9.99999999999998,0.1,5.362897822446038,9.06193359981346,240359.0,0,0,0,1.0,1.1671489487952225,0.16762700002405534
0.7999999999999999,4.000000000000002,0.0,9.99999999999998,0.1,5.3115219217350225,9.81756039114076,242093.0,1,0,1,1.0,0.00025411078175089665,0.00031354443777695853
1.0999999999999999,4.000000000000002,4.000000000000002,9.99999999999998,0.1,9.075002773287538,6.693836695593308,243553.0,0,0,0,1.0,3.859727638419973e-5,7.186225972311058e-5
11.299999999999976,3.0000000000000013,13.999999999999966,0.0,0.1,17.311599655161253,8.794091696054553,243569.0,0,1,0,1.0,0.14738506170999965,6.107848683837437
1.5000000000000002,4.000000000000002,0.0,9.99999999999998,0.1,7.996593479323217,9.635320707822116,245792.0,1,0,1,1.0,0.28632476917210464,0.7154408975788593
1.6000000000000003,3.0000000000000013,4.000000000000002,9.99999999999998,0.1,6.680296129001159,9.18111544656912,246480.0,0,0,0,1.0,0.0034490303891367216,0.009407585406107036
1.5000000000000002,7.999999999999988,0.0,9.99999999999998,0.1,15.059828343625538,8.707452463768572,246714.0,1,0,1,1.0,5.5291458106599175e-9,1.3982421551405264e-8
1.6000000000000003,3.0000000000000013,13.999999999999966,0.0,0.1,7.8215666591963755,8.251200485495243,247394.0,0,0,0,1.0,0.005592993807350988,0.015613434615435396
3.0000000000000013,4.000000000000002,0.0,9.99999999999998,0.1,8.170023040723196,9.788864374391494,248142.0,1,0,1,1.0,0.43834770629503533,2.577330593828305
1.7000000000000004,4.000000000000002,0.0,9.99999999999998,0.1,7.586479220488395,8.938599838691466,248413.0,1,0,1,1.0,2.566374751676627e-19,7.545207798474652e-19
6.5999999999999925,13.999999999999966,0.0,0.0,0.1,19.209278812337917,8.344466627225382,250371.0,1,0,1,1.0,0.10333116584674511,2.3346801885087474
5.999999999999995,4.000000000000002,13.999999999999966,0.0,0.1,13.725233140945805,8.022799472388138,250902.0,0,0,0,1.0,0.0002561403400055552,0.00495443146406914
0.9999999999999999,7.999999999999988,0.0,9.99999999999998,0.1,6.206786198405443,7.8484454754448185,251451.0,0,0,0,1.0,3.5268174870925322e-12,5.725158593511869e-12
1.3,0.9999999999999999,4.000000000000002,9.99999999999998,0.1,6.976239679594494,9.055467788219072,251516.0,0,0,0,1.0,9.581817542922559e-14,2.0447958292299456e-13
0.2,4.000000000000002,0.0,9.99999999999998,0.1,5.850563562625646,9.35327340563191,253731.0,1,0,1,1.0,0.028811480881746093,0.008336516324230252
5.1999999999999975,4.000000000000002,13.999999999999966,0.0,0.1,6.2826801422646765,5.452094041656714,253954.0,0,0,0,1.0,0.0423233193706261,0.9093814534504916
0.8999999999999999,0.9999999999999999,4.000000000000002,9.99999999999998,0.1,5.214861663168915,9.7057489183221,255324.0,0,0,0,1.0,5.460882280317409e-7,7.649136154416217e-7
0.1,4.000000000000002,0.0,9.99999999999998,0.1,5.741872855131068,9.685273609638925,256674.0,1,0,1,1.0,0.00934790961489939,0.0013508150413745284
2.400000000000001,4.000000000000002,0.0,9.99999999999998,0.1,9.62851810529219,9.701778801773552,256727.0,1,0,1,1.0,0.0026791043466791423,0.011739022710630806
0.1,2.0000000000000004,4.000000000000002,9.99999999999998,0.1,7.143323958627606,7.3441631942603145,256956.0,0,0,0,1.0,1.098880497374667e-6,1.6066439171517967e-7
1.4000000000000001,4.000000000000002,0.0,9.99999999999998,0.1,10.916337399597698,6.495762525409062,258206.0,1,0,1,1.0,9.982360215086087e-14,2.450180592438722e-13
0.7999999999999999,7.999999999999988,0.0,9.99999999999998,0.1,11.147173490738208,9.678095161248558,259058.0,1,0,1,1.0,0.011989132487722426,0.014903498414900938
1.7000000000000004,4.000000000000002,13.999999999999966,0.0,0.1,10.556851911085655,6.521490651555579,260334.0,0,0,0,1.0,0.0025306702245717553,0.008073055641109302
0.7,4.000000000000002,0.0,9.99999999999998,0.1,10.448497922785274,8.816002659743017,260805.0,1,0,1,1.0,3.0471204365582947e-10,3.280047236601743e-10
1.6000000000000003,3.0000000000000013,4.000000000000002,9.99999999999998,0.1,6.084723643252441,9.826630521009104,263511.0,0,0,0,1.0,8.767874029013833e-17,2.339921312017966e-16
0.5,0.9999999999999999,4.000000000000002,9.99999999999998,0.1,5.7383294491896955,8.923896615085381,263770.0,0,0,0,1.0,0.3600673034796314,0.2724551904033167
0.30000000000000004,4.000000000000002,0.0,9.99999999999998,0.1,7.2391993873781795,9.011738546776698,265321.0,1,0,1,1.0,8.506010872388133e-5,3.778695448486078e-5
0.2,4.000000000000002,0.0,9.99999999999998,0.1,6.366443821249061,7.818097766393258,266342.0,1,0,1,1.0,5.77442554315462e-9,1.6951369016982095e-9
0.8999999999999999,4.000000000000002,0.0,9.99999999999998,0.1,7.75613463400766,7.131996349395656,267164.0,1,0,1,1.0,6.852774547249547e-10,9.88731522122954e-10
1.7000000000000004,4.000000000000002,0.0,9.99999999999998,0.1,5.3286861955034714,9.26845287508063,268227.0,0,0,0,1.0,0.009259643686955274,0.0272923600816454
0.6,4.000000000000002,4.000000000000002,9.99999999999998,0.1,5.873706634163007,9.627053788028554,269249.0,0,0,0,1.0,0.46403771337551797,0.4186758259301794
0.7,4.000000000000002,4.000000000000002,9.99999999999998,0.1,5.870454136795445,8.88988482465388,270411.0,0,0,0,1.0,0.00039460556620902755,0.0004273996378122888
0.6,4.000000000000002,4.000000000000002,9.99999999999998,0.1,8.343472526654484,6.4086742887025245,270460.0,0,0,0,1.0,4.488861444216164e-16,4.2229565099345866e-16
1.3,4.000000000000002,0.0,9.99999999999998,0.1,6.3394458221365175,9.11401305649413,270834.0,1,0,1,1.0,1.7052460870632363e-9,3.6678635626894416e-9
0.4,4.000000000000002,0.0,9.99999999999998,0.1,8.28320547179662,9.564340858332953,270851.0,1,0,1,1.0,1.8356022802815616e-11,1.082527817235493e-11
1.9000000000000006,4.000000000000002,0.0,9.99999999999998,0.1,9.089176724963417,9.322489369449146,272196.0,1,0,1,1.0,0.028923729803266265,0.0963722646456648
2.1000000000000005,4.000000000000002,0.0,9.99999999999998,0.1,7.288422774154004,7.185608043498469,272198.0,0,0,0,1.0,4.2659897913738585e-13,1.7349262541363076e-12
1.3,4.000000000000002,4.000000000000002,9.99999999999998,0.1,9.120671824195338,6.584976693546954,275961.0,0,0,0,1.0,0.0010405710167893543,0.002325389851051416
9.89999999999998,2.0000000000000004,13.999999999999966,0.0,0.1,6.942991285073205,8.586610191261766,276866.0,0,1,0,1.0,7.919898656944882e-10,3.078792778407582e-8
0.9999999999999999,4.000000000000002,0.0,9.99999999999998,0.1,5.406773707674104,9.912855911629029,277085.0,1,0,1,1.0,0.0010194985866937103,0.0016071703211345428
3.5000000000000018,4.000000000000002,0.0,9.99999999999998,0.1,10.430747123227418,9.766412863067472,278171.0,1,0,1,1.0,0.07934943170168697,0.5682963730729299
2.600000000000001,3.0000000000000013,4.000000000000002,9.99999999999998,0.1,9.16512237957975,7.7045932032634745,278668.0,0,0,0,1.0,10.895212953293598,57.49513524255065
0.4,4.000000000000002,0.0,9.99999999999998,0.1,10.403948108242137,7.8609122831081235,279577.0,1,0,1,1.0,1.3057540214753312e-5,7.793005165497512e-6
2.3000000000000007,4.000000000000002,13.999999999999966,0.0,0.1,9.582221809461652,6.925711677109448,281703.0,0,0,0,1.0,0.040412727378986386,0.18444129096056217
0.2,4.000000000000002,0.0,9.99999999999998,0.1,7.233012180104986,9.686740679810281,281735.0,1,0,1,1.0,0.0001757108237384221,5.173874275655896e-5
1.5000000000000002,4.000000000000002,4.000000000000002,9.99999999999998,0.1,8.624203610283004,8.920103783121505,282512.0,0,0,0,1.0,6.260436639379483e-6,1.5850442617658365e-5
11.199999999999976,4.000000000000002,13.999999999999966,0.0,0.1,5.702191061377055,8.08203914086399,285869.0,0,0,0,1.0,0.060642466632020456,2.281917209496885
1.7000000000000004,7.999999999999988,0.0,9.99999999999998,0.1,8.232093656307796,9.618274627053454,285909.0,0,0,0,1.0,0.3295298359473463,0.9551976011195342
1.5000000000000002,4.000000000000002,0.0,9.99999999999998,0.1,6.838090134631527,9.304337575319991,288242.0,1,0,1,1.0,0.9882687635577648,2.4773646172785675
10.599999999999978,4.000000000000002,13.999999999999966,0.0,0.1,8.925666614220008,6.590552165244706,291029.0,0,0,0,1.0,4.384185166164872e-6,0.0001429533262165107
7.19999999999999,4.000000000000002,13.999999999999966,0.0,0.1,5.896474641786163,6.037416840792778,291029.0,0,1,0,1.0,0.00012388628249103116,0.0034490757718410293
8.599999999999985,3.0000000000000013,13.999999999999966,0.0,0.1,2.960306753250283,8.887749605630171,292644.0,0,1,0,1.0,6.018719889991616e-5,0.002187456654972017
10.899999999999977,3.0000000000000013,13.999999999999966,0.0,0.1,5.907854694349779,7.848845669309716,292644.0,0,0,0,1.0,0.0002043640358244122,0.007497612646800433
5.999999999999995,3.0000000000000013,13.999999999999966,0.0,0.1,11.82249470099007,9.113452179917957,292644.0,0,0,0,1.0,2.74399159993792,47.601546462708995
5.999999999999995,4.000000000000002,13.999999999999966,0.0,0.1,6.422466351200043,8.641904811144745,293153.0,0,0,0,1.0,1.7322752089506344,31.54856587071306
1.7000000000000004,4.000000000000002,0.0,9.99999999999998,0.1,7.457366670065355,9.168144694546474,295069.0,1,0,1,1.0,0.0001480526239524932,0.00043336279908245923
5.099999999999998,13.999999999999966,0.0,0.0,0.1,11.599678843629153,9.53899482898942,296903.0,1,0,1,1.0,0.005941704045164526,0.07620706528100396
4.5,4.000000000000002,4.000000000000002,9.99999999999998,0.1,11.579698196014187,8.352120654030164,296964.0,0,0,0,1.0,0.009254238108859383,0.10470815666448752
0.6,2.0000000000000004,12.99999999999997,9.99999999999998,0.1,16.98015006284031,7.611838522644083,296996.0,0,0,0,1.0,4.189688229089406e-18,3.9229948987828265e-18
0.5,4.000000000000002,0.0,9.99999999999998,0.1,8.637894788791268,7.113543511481098,298184.0,1,0,1,1.0,0.6040121871082554,0.46824084444055925
0.7,4.000000000000002,0.0,9.99999999999998,0.1,6.347539129421447,9.140750777022024,298339.0,1,0,1,1.0,0.3366318043217098,0.36289128617048877
5.899999999999995,13.999999999999966,0.0,0.0,0.1,21.211238649327658,5.693581646129812,298600.0,1,1,1,1.0,0.04392794857670222,1.0733531381541082
2.0000000000000004,13.999999999999966,0.0,0.0,0.1,7.798164405063517,9.069020780763452,298604.0,1,0,1,1.0,3.000312467500855e-5,0.00010722578893439575
0.4,4.000000000000002,0.0,9.99999999999998,0.1,7.155078988861711,8.357805287747805,298763.0,1,0,1,1.0,7.57807134056463e-5,4.5021327415598724e-5
1.9000000000000006,4.000000000000002,4.000000000000002,9.99999999999998,0.1,10.036111599107775,9.21204293186327,299777.0,0,0,0,1.0,1.61187383369634e-8,5.381107144303995e-8
5.099999999999998,4.000000000000002,0.0,9.99999999999998,0.1,8.335293815085597,9.740800599712479,301010.0,0,0,0,1.0,0.2593217746378531,3.299328449204211
5.599999999999996,3.0000000000000013,13.999999999999966,0.0,0.1,10.574829000381177,5.253919682120314,301860.0,0,0,0,1.0,0.009138830343215236,0.21130770526943998
0.7999999999999999,12.99999999999997,4.000000000000002,9.99999999999998,0.1,11.490643057824474,9.662404754885465,302375.0,0,0,0,1.0,8.257529845935577e-9,1.0246037342595095e-8
1.4000000000000001,7.999999999999988,0.0,9.99999999999998,0.1,10.962685532959009,8.621136189872267,305203.0,1,0,1,1.0,0.012575879035253106,0.02961589333186357
4.100000000000001,4.000000000000002,0.0,9.99999999999998,0.1,18.172773731810654,8.730752539785268,306769.0,1,0,1,1.0,7.10692307766231e-17,6.744857635153489e-16
0.1,4.999999999999998,4.000000000000002,9.99999999999998,0.1,6.2108174774489004,8.20907432325335,306913.0,0,0,0,1.0,2.837934674459948e-6,4.07335397356514e-7
0.9999999999999999,4.000000000000002,0.0,9.99999999999998,0.1,7.4875922744356265,8.704192913768832,308615.0,1,0,1,1.0,1.0985092428255353e-6,1.7414400197159582e-6
0.2,7.999999999999988,0.0,9.99999999999998,0.1,10.794351572627246,8.379536327143036,309430.0,1,0,1,1.0,3.5349646300209364e-6,1.0438387221521425e-6
0.1,4.000000000000002,0.0,9.99999999999998,0.1,4.077827389525444,9.14647520384332,309720.0,0,0,0,1.0,0.6942715707505646,0.09969578681584282
0.7,4.000000000000002,4.000000000000002,9.99999999999998,0.1,6.111584054359865,8.948756898354521,311489.0,0,0,0,1.0,4.8213256816615396e-11,5.2192342411311964e-11
1.4000000000000001,4.000000000000002,0.0,9.99999999999998,0.1,6.797275209470479,9.942485472226576,312134.0,1,0,1,1.0,0.07148754782470533,0.16527844519364107
0.7999999999999999,4.000000000000002,4.000000000000002,9.99999999999998,0.1,8.200692522814402,9.128086095160143,313189.0,0,0,0,1.0,1.49541620167248e-8,1.8549838455404308e-8
4.100000000000001,4.000000000000002,13.999999999999966,0.0,0.1,14.457072728392244,5.7083272448349,313582.0,0,0,0,1.0,2.48982147617617,31.94466952097264
1.9000000000000006,0.9999999999999999,13.999999999999966,0.0,0.1,8.102813111219577,8.615041599681389,314081.0,0,0,0,1.0,4.632639921834782e-8,1.5589785341714362e-7
0.8999999999999999,7.999999999999988,13.999999999999966,0.0,0.1,3.798545726983013,9.52409953656801,315387.0,0,0,0,1.0,2.948112631410358e-8,4.138043863145768e-8
18.9,5.999999999999995,13.999999999999966,0.0,0.1,11.03369189022248,8.820257545560143,315988.0,0,1,0,1.0,0.009860556760056632,0.45063691706801384
7.19999999999999,5.999999999999995,13.999999999999966,0.0,0.1,3.2761582548739807,8.297360565523348,315988.0,0,0,0,1.0,1.633571114802058,44.141230936805584
1.0999999999999999,4.000000000000002,4.000000000000002,9.99999999999998,0.1,7.8262606519522695,9.049903860169639,316277.0,0,0,0,1.0,0.00010697868818748544,0.0001907211166017958
1.7000000000000004,4.000000000000002,0.0,9.99999999999998,0.1,6.226189804845941,9.608832223565198,316523.0,1,0,1,1.0,0.7378800502357868,2.135034606750085
1.0999999999999999,4.000000000000002,0.0,9.99999999999998,0.1,6.299433125888203,9.569921300049007,317576.0,1,0,1,1.0,8.002734900769523e-9,1.4100954436293714e-8
0.5,13.999999999999966,0.0,0.0,0.1,6.117484193995982,9.542406011042031,317904.0,1,0,1,1.0,7.559650685155621e-5,5.683649832576675e-5
0.2,3.0000000000000013,4.000000000000002,9.99999999999998,0.1,6.58733114516071,8.182569987985232,318047.0,0,0,0,1.0,4.220195274030395,1.2407338323346524
0.7,7.999999999999988,0.0,9.99999999999998,0.1,12.256512040958073,8.351480408034455,318949.0,1,0,1,1.0,1.8459513084240395e-16,2.0122852431203153e-16
5.4999999999999964,5.999999999999995,13.999999999999966,0.0,0.1,16.365833305165474,5.910218930762459,320232.0,0,0,0,1.0,0.08528712265810938,1.9092852404948117
2.1000000000000005,4.000000000000002,0.0,9.99999999999998,0.1,7.369414158057205,9.829809205627255,320484.0,1,0,1,1.0,0.00011223607037178404,0.0004159552970186055
0.8999999999999999,2.0000000000000004,4.000000000000002,9.99999999999998,0.1,6.4852070966629825,8.910440578043465,321877.0,0,0,0,1.0,8.817961814987086e-10,1.265353500686479e-9
0.1,4.000000000000002,0.0,9.99999999999998,0.1,5.02249108780205,9.151190523420361,321902.0,1,0,1,1.0,6.683016364463341e-7,9.716542101778658e-8
0.9999999999999999,4.000000000000002,0.0,9.99999999999998,0.1,9.420655583150616,9.530975756842226,322363.0,1,0,1,1.0,1.002982847939824e-9,1.6014397602178361e-9
0.8999999999999999,4.000000000000002,0.0,9.99999999999998,0.1,6.995923534064474,8.751605690463911,323032.0,1,0,1,1.0,0.0003779051684438763,0.0005385710064172873
0.9999999999999999,4.000000000000002,0.0,9.99999999999998,0.1,9.192817406694004,8.905238121267718,323766.0,1,0,1,1.0,0.01615061189437201,0.026023332405988715
0.8999999999999999,7.999999999999988,0.0,9.99999999999998,0.1,9.514090774327945,9.783659060631354,325902.0,1,0,1,1.0,2.4857757919750182e-8,3.5329505109569764e-8
5.1999999999999975,3.0000000000000013,13.999999999999966,0.0,0.1,10.214846134188466,9.217262575221215,326190.0,0,0,0,1.0,0.00401022650090027,0.0540012563974238
2.700000000000001,13.999999999999966,0.0,0.0,0.1,7.523459409483071,9.873323855172558,326321.0,1,0,1,1.0,6.975640418446956e-8,3.5718313861080247e-7
1.6000000000000003,13.999999999999966,0.0,0.0,0.1,8.202588938943487,7.822500050986134,328658.0,1,0,1,1.0,0.013830505326312834,0.038731264513753055
1.3,4.000000000000002,0.0,9.99999999999998,0.1,4.936738589747311,9.520104530018596,328677.0,0,0,0,1.0,0.0016790799213420194,0.0035767937628661387
0.4,4.000000000000002,0.0,9.99999999999998,0.1,4.798663563044181,9.468370491216007,329979.0,0,0,0,1.0,0.256426402544302,0.15325359585248122
0.7999999999999999,4.000000000000002,0.0,9.99999999999998,0.1,6.435656987664185,9.025603042925834,330616.0,1,0,1,1.0,0.0018166192956940823,0.0022818852940573553
0.7999999999999999,4.000000000000002,0.0,9.99999999999998,0.1,6.748279666229627,8.223021065017022,331265.0,1,0,1,1.0,0.006143766765169732,0.007766157811033268
0.7999999999999999,7.999999999999988,4.000000000000002,9.99999999999998,0.1,7.509247392607629,8.557529786813173,333118.0,0,0,0,1.0,8.580838499778988e-15,1.079617142287059e-14
2.9000000000000012,4.000000000000002,0.0,9.99999999999998,0.1,6.744907016509768,9.854720179449043,333149.0,0,0,0,1.0,0.10341611227265841,0.5839830021947654
3.800000000000002,4.000000000000002,0.0,9.99999999999998,0.1,15.51587801200733,9.77667023156159,334654.0,1,0,1,1.0,1.8933481028993194e-9,1.5275177775283853e-8
1.8000000000000005,4.000000000000002,0.0,9.99999999999998,0.1,11.846917186656135,9.746779393417123,335625.0,1,0,1,1.0,3.503319031733716e-7,1.0841260673867916e-6
1.7000000000000004,4.000000000000002,0.0,9.99999999999998,0.1,7.170096392611851,8.831881829586594,335895.0,1,0,1,1.0,1.3288434689234493e-6,3.920063905833845e-6
3.5000000000000018,3.0000000000000013,13.999999999999966,0.0,0.1,4.4649166585861195,9.475462126806924,337083.0,0,0,0,1.0,0.3901681240385149,2.849338155369666
1.9000000000000006,4.000000000000002,4.000000000000002,9.99999999999998,0.1,7.6972143266211255,9.075782105836689,337345.0,0,0,0,1.0,4.635586490665141e-5,0.00015608173159234985
2.3000000000000007,4.000000000000002,4.000000000000002,9.99999999999998,0.1,7.181396739952833,9.405142654804504,339125.0,0,0,0,1.0,0.26156916297779753,1.1089577075136008
3.0000000000000013,4.000000000000002,0.0,9.99999999999998,0.1,9.185577051082385,9.993642124117649,339962.0,1,0,1,1.0,5.102929749387077e-6,2.9523566046984294e-5
3.0000000000000013,4.000000000000002,4.000000000000002,9.99999999999998,0.1,10.900602239567714,9.605739464200553,340628.0,0,0,0,1.0,1.0456424214973876,6.112074589434691
1.7000000000000004,4.000000000000002,0.0,9.99999999999998,0.1,8.600120056396545,8.193528044488017,340666.0,1,0,1,1.0,2.4094976833383123e-6,7.20624000310567e-6
0.1,4.000000000000002,0.0,9.99999999999998,0.1,7.956163448069256,9.994350507594977,342374.0,1,0,1,1.0,0.03514318597432439,0.005072831001981642
1.9000000000000006,3.0000000000000013,4.000000000000002,9.99999999999998,0.1,8.611711969970182,8.950299352231983,342396.0,0,0,0,1.0,0.21383042194032773,0.7205003558821887
4.300000000000001,4.000000000000002,0.0,9.99999999999998,0.1,11.071453022518817,7.75194219693931,342897.0,1,0,1,1.0,17.124411446497383,191.5069005205331
3.4000000000000017,4.000000000000002,0.0,9.99999999999998,0.1,8.98862352167475,8.549354451236406,343521.0,1,0,1,1.0,0.5163455038780658,3.785915659251026
0.5,3.0000000000000013,4.000000000000002,9.99999999999998,0.1,7.7533385995872885,9.034640108083295,344288.0,0,0,0,1.0,4.53372535136278e-5,3.447196807114244e-5
7.899999999999988,3.0000000000000013,13.999999999999966,0.0,0.1,7.576646796594929,6.152730266340747,345968.0,0,0,0,1.0,3.806875357882644e-9,1.1022432401426858e-7
1.9000000000000006,4.000000000000002,0.0,9.99999999999998,0.1,11.36296507481562,9.753605853226304,346077.0,1,0,1,1.0,2.043522490449377e-19,6.698309871345018e-19
0.2,3.0000000000000013,13.999999999999966,0.0,0.1,6.02944570679515,8.848202583508689,346304.0,0,0,0,1.0,3.962225191530453e-13,1.1643650040107592e-13
1.6000000000000003,2.0000000000000004,13.999999999999966,0.0,0.1,6.143682958136285,9.749787765141,347748.0,0,0,0,1.0,4.8593580000819124e-8,1.3199219129760342e-7
1.7000000000000004,4.000000000000002,0.0,9.99999999999998,0.1,6.313740440440612,9.607837391012044,348862.0,1,0,1,1.0,1.0577846343367028,3.097601200755847
11.099999999999977,4.999999999999998,13.999999999999966,0.0,0.1,10.12924926967206,8.58064372673613,348879.0,0,1,0,1.0,2.0446384719011898e-20,8.238330838967646e-19
2.2000000000000006,4.000000000000002,0.0,9.99999999999998,0.1,9.84597057020908,9.04227955535599,349799.0,1,0,1,1.0,3.1161238878125926e-11,1.259108331980126e-10
11.299999999999976,13.999999999999966,0.0,0.0,0.1,15.095324031097661,9.62356795345385,350190.0,0,0,0,1.0,0.02646900961569299,1.180171879168639
0.4,12.99999999999997,0.0,9.99999999999998,0.1,15.797385928300596,8.080717496399965,351288.0,1,0,1,1.0,0.06319379828771883,0.037870764724567255
7.39999999999999,13.999999999999966,0.0,0.0,0.1,1.6302375950461159,6.328472042220424,352410.0,0,1,0,1.0,0.007486735836799651,0.20913325542599936
5.399999999999997,13.999999999999966,0.0,0.0,0.1,9.69801176308458,9.936455221020074,352410.0,1,0,1,1.0,0.28871122183702175,3.9316526971288543
0.7,4.000000000000002,0.0,9.99999999999998,0.1,10.352628728598567,7.544372615900258,353388.0,1,0,1,1.0,4.616207259273621e-6,5.063358341841441e-6
4.000000000000002,2.0000000000000004,13.999999999999966,0.0,0.1,6.211527049650009,9.34385108884195,357106.0,0,0,0,1.0,0.058201113754707,0.5196915028534531
1.8000000000000005,4.000000000000002,0.0,9.99999999999998,0.1,15.129064700135155,7.967788760535081,358263.0,1,0,1,1.0,1.2082450096330801,3.878439849569031
0.1,7.999999999999988,0.0,9.99999999999998,0.1,8.420292153710543,9.481649586303085,359040.0,0,0,0,1.0,0.00030205316485815674,4.316765106924205e-5
13.799999999999967,13.999999999999966,0.0,0.0,0.1,5.156784509420868,9.054940521903339,359242.0,0,1,0,1.0,0.6882501140061265,29.475348375302843
2.3000000000000007,13.999999999999966,0.0,0.0,0.1,16.11064293382963,6.573126323559433,359242.0,1,0,1,1.0,0.9583761193048822,4.542562073053086
2.400000000000001,4.000000000000002,0.0,9.99999999999998,0.1,12.797255306261345,9.752580168942993,359728.0,1,0,1,1.0,0.00748113561888839,0.03304023457264233
0.1,5.999999999999995,13.999999999999966,0.0,0.1,6.7076147566358735,7.488412011247629,360434.0,0,0,0,1.0,1.6083191227932672e-8,2.355652369262964e-9
1.9000000000000006,4.000000000000002,0.0,9.99999999999998,0.1,7.2843651456424645,9.398756663195636,360677.0,1,0,1,1.0,1.8245328205727856e-5,6.024231028840497e-5
0.4,7.999999999999988,0.0,9.99999999999998,0.1,13.013981458746116,7.5125373803157665,360806.0,1,0,1,1.0,0.00908300759184902,0.005455498467560435
1.7000000000000004,13.999999999999966,0.0,0.0,0.1,8.29126380486146,9.175730611876377,360890.0,1,0,1,1.0,9.981552073011038e-9,2.9324536650542477e-8
0.2,4.000000000000002,4.000000000000002,9.99999999999998,0.1,6.498176818324533,8.135269623027677,363996.0,0,0,0,1.0,3.750783152939509e-6,1.0933355045023416e-6
1.6000000000000003,3.0000000000000013,12.99999999999997,9.99999999999998,0.1,17.71357884902952,7.3851133002584834,364482.0,0,0,0,1.0,1.6975726497680013e-8,4.8884062904721995e-8
1.6000000000000003,7.999999999999988,0.0,9.99999999999998,0.1,10.380209010267784,9.706882746798179,366486.0,1,0,1,1.0,1.0120512517067599e-16,2.7546370772849767e-16
2.800000000000001,4.000000000000002,0.0,9.99999999999998,0.1,7.634640848119131,8.562336706360647,368151.0,0,0,0,1.0,2.460441191791813e-6,1.3905364527068266e-5
0.9999999999999999,4.000000000000002,0.0,9.99999999999998,0.1,7.732069561936369,9.007163209196163,369185.0,1,0,1,1.0,7.2788412640868e-7,1.1653350561071094e-6
0.9999999999999999,3.0000000000000013,13.999999999999966,0.0,0.1,9.284225889754069,6.086281011596806,369614.0,0,0,0,1.0,3.1757988404061642e-9,5.380944937109464e-9
0.4,4.000000000000002,0.0,9.99999999999998,0.1,8.62397693029843,5.824306274662975,369964.0,1,0,1,1.0,0.060338203962060355,0.03636330494798784
0.30000000000000004,4.000000000000002,4.000000000000002,9.99999999999998,0.1,6.986269738002429,9.006452246595495,370724.0,0,0,0,1.0,9.125743499059915e-9,4.077956934784122e-9
0.4,4.000000000000002,0.0,9.99999999999998,0.1,6.419813418431307,8.790121461541956,371712.0,1,0,1,1.0,4.5486635614210975e-5,2.7062553106233397e-5
2.9000000000000012,2.0000000000000004,4.000000000000002,9.99999999999998,0.1,7.7014752608837895,9.523774413855095,372314.0,0,0,0,1.0,0.004287194185204322,0.02411408268413586
10.999999999999977,4.000000000000002,13.999999999999966,0.0,0.1,7.043298259532693,9.754864966219358,372506.0,0,0,0,1.0,3.8782822862340045,170.366345567643
0.6,4.000000000000002,0.0,9.99999999999998,0.1,7.7380631598097205,9.009974283827944,373357.0,1,0,1,1.0,5.701042491190457e-9,5.1799635386198285e-9
1.4000000000000001,4.000000000000002,0.0,9.99999999999998,0.1,6.362451167029738,9.656493999069543,373886.0,1,0,1,1.0,1.120925609804528e-6,2.6131166249221544e-6
0.1,4.000000000000002,4.000000000000002,9.99999999999998,0.1,5.577822916972628,9.979288582337276,373993.0,0,0,0,1.0,0.001355156932800256,0.0001957618451959172
0.1,4.000000000000002,0.0,9.99999999999998,0.1,7.681484641168256,9.511128731831667,374297.0,1,0,1,1.0,2.5236601459256863e-10,3.654880590872921e-11
2.1000000000000005,4.000000000000002,0.0,9.99999999999998,0.1,7.268916479728824,9.044928717651171,374935.0,1,0,1,1.0,0.013796913736386106,0.05230301043782273
0.4,4.000000000000002,0.0,9.99999999999998,0.1,8.731881450032418,8.646412138627166,375397.0,1,0,1,1.0,0.05478084611981099,0.03241062389564841
1.2,4.000000000000002,0.0,9.99999999999998,0.1,5.282103164490299,9.382997924439124,376852.0,0,0,0,1.0,0.004480597568825494,0.008748463568444538
3.1000000000000014,4.000000000000002,0.0,9.99999999999998,0.1,9.713131582842948,8.965697654613827,376925.0,1,0,1,1.0,0.06829653202222713,0.42743226436111104
0.7999999999999999,4.000000000000002,0.0,9.99999999999998,0.1,8.60403873424942,7.064007318802793,378030.0,1,0,1,1.0,0.022190591015325476,0.028747476653499294
0.2,4.000000000000002,0.0,9.99999999999998,0.1,7.24181862404177,7.532037089708892,378703.0,1,0,1,1.0,4.053922483026171e-13,1.2031527918508604e-13
0.4,4.000000000000002,0.0,9.99999999999998,0.1,6.783020973685865,7.703036326066151,379023.0,1,0,1,1.0,2.3884318276297014,1.4474893208089041
1.0999999999999999,0.9999999999999999,4.000000000000002,9.99999999999998,0.1,5.5396790983721695,9.733702220038694,380617.0,0,0,0,1.0,2.9406045322983085,5.192551235145284
0.2,2.0000000000000004,4.000000000000002,9.99999999999998,0.1,6.393496623104537,8.166586682311724,380828.0,0,0,0,1.0,0.0006794370600882856,0.00019929834578753645
1.0999999999999999,4.000000000000002,0.0,9.99999999999998,0.1,6.2143291759426855,8.307490001527427,381297.0,0,0,0,1.0,0.008335999327415761,0.014843157125181743
3.700000000000002,3.0000000000000013,13.999999999999966,0.0,0.1,8.239838350841385,9.599691507687876,381418.0,0,0,0,1.0,3.399569093718736e-5,0.0002670501490996588
1.7000000000000004,8.999999999999984,13.999999999999966,0.0,0.1,3.8711829068140204,9.703700721901608,382564.0,0,0,0,1.0,0.16338199529833994,0.4751630282766794
1.6000000000000003,7.999999999999988,4.000000000000002,9.99999999999998,0.1,9.068173733952547,9.096069353741832,383311.0,0,0,0,1.0,3.3719395922762484e-5,9.218519744574416e-5
0.4,7.999999999999988,0.0,9.99999999999998,0.1,6.059166184658792,9.767046194288733,383774.0,0,0,0,1.0,0.06022022097508036,0.035649946837262324
3.2000000000000015,4.000000000000002,0.0,9.99999999999998,0.1,8.039825697454555,9.255324095495663,383956.0,1,0,1,1.0,0.00041380497044033154,0.002684275432310122
0.8999999999999999,4.000000000000002,0.0,9.99999999999998,0.1,10.709953201367357,7.3315020074432535,384114.0,1,0,1,1.0,0.06353734905940671,0.09329375046894764
1.8000000000000005,4.000000000000002,0.0,9.99999999999998,0.1,6.704974127885164,9.31421050003977,384145.0,1,0,1,1.0,2.5422529567621295,7.892509369416994
0.5,4.000000000000002,0.0,9.99999999999998,0.1,4.823248677570468,9.949869433981963,384788.0,1,0,1,1.0,7.65312060820315e-11,5.739814728368171e-11
0.5,3.0000000000000013,13.999999999999966,0.0,0.1,4.523018357586912,7.241747587832971,386192.0,0,0,0,1.0,0.6216862137137955,0.47714942599933646
4.799999999999999,3.0000000000000013,4.000000000000002,9.99999999999998,0.1,8.849209244292311,9.048234483394564,386934.0,0,0,0,1.0,0.84596788502767,10.261068598367249
0.9999999999999999,4.000000000000002,0.0,9.99999999999998,0.1,8.31249699921448,7.378672592851005,389744.0,1,0,1,1.0,5.050554977830896e-5,8.240688740548132e-5
0.8999999999999999,4.000000000000002,4.000000000000002,9.99999999999998,0.1,5.5403129851723705,9.509978373492384,389950.0,0,0,0,1.0,5.717251119718752e-8,8.071467832200671e-8
0.1,7.999999999999988,0.0,9.99999999999998,0.1,6.669700514196041,8.616355615630798,393398.0,0,0,0,1.0,0.0048737961776018825,0.0007099205812452035
1.9000000000000006,4.000000000000002,0.0,9.99999999999998,0.1,7.789125145956366,7.866510158801674,393784.0,0,0,0,1.0,0.0009662090826088927,0.003352503854515391
2.0000000000000004,13.999999999999966,0.0,0.0,0.1,8.798444073011533,8.778684428648303,394315.0,1,0,1,1.0,0.000533335323350831,0.0019364879448992515
3.1000000000000014,2.0000000000000004,12.99999999999997,9.99999999999998,0.1,7.03031440447676,9.64353054706561,394656.0,0,0,0,1.0,0.011792113840143887,0.07291676973465397
5.999999999999995,2.0000000000000004,13.999999999999966,0.0,0.1,4.732408981072576,5.718927973746283,394647.0,0,1,0,1.0,3.4560378745914664e-5,0.000854306505409208
1.3,2.0000000000000004,13.999999999999966,0.0,0.1,5.01143364803463,5.398250725867925,395550.0,0,0,0,1.0,0.07946216693459401,0.1855218203380193
2.500000000000001,4.000000000000002,0.0,9.99999999999998,0.1,9.422054438327008,9.55347174728534,398423.0,1,0,1,1.0,2.40336264416086e-5,0.00011204490002083848
0.4,4.000000000000002,0.0,9.99999999999998,0.1,6.944424293690778,7.6260681773340275,398779.0,1,0,1,1.0,0.011042654346745803,0.0066109701161042546
1.0999999999999999,4.000000000000002,4.000000000000002,9.99999999999998,0.1,6.689992658169281,8.95741858482298,399622.0,0,0,0,1.0,0.0001915725271911259,0.00033985864288518753
0.1,4.000000000000002,0.0,9.99999999999998,0.1,4.627490711374068,9.763351783201864,399706.0,1,0,1,1.0,8.876578717190057e-5,1.2724071710431224e-5
