days_to_detection,t_latent,t_incubation,t_post_incubation,tested_positive,expressed_symptoms,time_removed,symptomatic,vaccinated,FoI
3.5,0.1,3.53452742467644,7.18548339546487,0,1,862.8,1,0,0.000456830293137131
5.9,0.1,6.39110969372881,7.37047661044388,1,0,2334,0,0,1.34740019025785e-10
6.09999999999999,0.1,6.63453695802409,6.32213993819945,1,0,3288,1,0,0.570718309931539
7.99999999999999,0.1,8.00113139644589,6.32329731963717,0,1,3953.7,1,0,4.34873672540469e-08
5.2,0.1,8.25160463318009,5.04385036690225,1,0,4382,0,0,0.00671615345146103
4.9,0.1,6.35266720758484,9.67443137959613,1,0,4632,0,0,5.47734711434638
6.39999999999999,0.1,4.07612819777027,9.11740982652146,1,0,5967,0,0,1.85991038658438e-10
5.5,0.1,6.61869706527661,8.30219516087021,1,0,6332,1,0,0.19700191296958
6.19999999999999,0.1,9.25463776258697,8.99892928619077,1,0,6900,1,0,3.76538784819786e-08
4.3,0.1,5.67321316601807,5.40606431443883,1,0,7635,1,0,0.00112538847086644
4.3,0.1,7.82016693222502,6.50867013251808,1,0,7918,1,0,1.15025879723876e-31
5.99999999999999,0.1,6.6844157459314,6.46619708343987,1,0,9534,1,0,0.0184702265917013
5.8,0.1,4.30649528675741,5.50155499814388,1,0,9788,0,0,15.7484028594721
5.7,0.1,5.48156583898654,7.1274771853342,1,0,9789,0,0,0.293349363749935
3.9,0.1,5.4311044929621,5.34771207621121,1,0,9791,0,0,0.663007498136743
5.2,0.1,6.25303315555151,9.46123024606699,1,0,9792,1,0,0.0928562091351756
5.2,0.1,4.53634089358105,6.93496589657434,1,0,9891,0,0,9.15533381796151e-23
3,0.1,2.09127290159389,9.95706773633815,1,0,11036,0,0,1.91372561112237e-07
3.5,0.1,1.92447231189439,8.55454651220792,1,0,11277,0,0,1.73779346149586e-10
6.29999999999999,0.1,4.18770485674059,7.98578562630178,1,0,12344,0,0,0.359412909014566
7.99999999999999,0.1,3.70476420721099,8.5675366079065,1,0,12697,0,0,3.39857468967798
6.09999999999999,0.1,8.03735828606479,9.50091909544016,1,0,12700,1,0,0.283672625514956
4.8,0.1,6.90450287165239,5.78402846896807,1,0,15201,1,0,0.567123586338824
4.7,0.1,3.11135684093299,8.50226363846845,1,0,15326,0,0,0.00218481118891174
6.29999999999999,0.1,6.33663478541801,9.94583460245304,0,1,17414.3,1,0,1.08733952008754
6.19999999999999,0.1,5.8997047013218,9.22515244002984,1,0,17420,0,0,0.0587991424222659
3.9,0.1,4.74810157382838,6.99130603870439,1,0,17587,1,0,6.48219146187611
4.2,0.1,4.26513692558481,5.158630017217,0,1,18954.9,1,0,3.94008961023434e-15
3,0.1,3.04804245975775,7.8149814756756,0,1,19774.8,1,0,6.46576952338577e-06
6.29999999999999,0.1,10.0441138749814,6.18805766589077,1,0,20449,1,0,0.223231010604447
8.09999999999999,0.1,9.00006933616253,9.76494007494862,1,0,22486,1,0,3.41488688777393e-14
6.19999999999999,0.1,7.01509599667077,8.52481585665335,1,0,22711,1,0,0.0282815813782813
8.79999999999998,0.1,9.90505393274596,5.57670280248334,1,0,24148,0,0,0.116610304750796
5.8,0.1,5.53620947568268,7.05879470755117,1,0,24652,0,0,0.384000202490996
5.2,0.1,3.78597122710865,9.90290588603527,1,0,25220,0,0,5.43739816463035e-12
5.99999999999999,0.1,4.1234717359744,9.46837161527701,1,0,26222,0,0,4.06877768121042e-11
6.29999999999999,0.1,6.36053333503684,9.49173094988203,0,1,26546.2,1,0,4.60763834595279e-08
2.8,0.1,2.84468744158138,5.56595053491432,0,1,26596.5,1,0,0.0971643408987869
5.1,0.1,6.96298227550616,9.44684990236063,1,0,27143,0,0,1.47478236731534
5.7,0.1,8.01381297846745,6.52164781957267,1,0,27821,1,0,2.83067730020481e-18
6.49999999999999,0.1,5.37792956035753,6.59762646318898,1,0,29056,0,0,0.175321855123224
4,0.1,4.64122475520369,5.96066947559018,1,0,30043,1,0,0.000281489855207683
4.6,0.1,6.88058691323351,7.6759399629102,1,0,30949,1,0,2.38403839274559
5.99999999999999,0.1,6.03402793043522,6.9767629118057,0,1,30952,1,0,7.97126040957158e-13
5.99999999999999,0.1,5.65588753664202,8.54823564833991,1,0,30956,0,0,2.81169510772856e-12
12.2,0.1,14.718055878006,6.24895891910069,1,0,33706,0,0,0.019933408780934
4.9,0.1,6.31312054716794,9.6820049273536,1,0,34777,0,0,0.0133079786237917
5.4,0.1,5.27497030147264,9.50362978081245,1,0,36931,0,0,4.11644815632784e-06
5.3,0.1,7.02219061088159,8.39641483072437,1,0,38070,1,0,1.54846213097726e-11
8.59999999999999,0.1,12.8483155040139,7.75395621692374,1,0,38566,1,0,4.14609208197705e-06
5,0.1,5.93211793558519,8.03367736622859,1,0,41465,1,0,0.791789309293015
5.7,0.1,5.75266120282932,7.31337729339835,0,1,42794.7,1,0,1.2018761092025
4.5,0.1,3.51573238954901,9.08729814150821,1,0,44074,0,0,1.06070438856645
2.9,0.1,2.9623760167519,5.28874968952265,0,1,44075.5,1,0,1.5165765535884e-06
2.6,0.1,2.62285313526966,9.18849933322636,0,1,45901.4,1,0,0.00474094103655364
5.6,0.1,5.99580769564331,7.92027728561892,1,0,46117,1,0,1.47366794742981e-09
4.2,0.1,4.2944462634818,6.46440170155986,0,1,47442.9,1,0,0.00316003456124023
1.9,0.1,1.94469628865915,6.96206385758398,0,1,47888.2,1,0,0.395579370909216
4.1,0.1,3.81474930134434,9.50428386226707,1,0,49360,0,0,0.183345492148578
5.6,0.1,6.23456695278594,7.33649900626204,1,0,49998,1,0,1.363749537354e-05
5.99999999999999,0.1,9.51996341101606,5.9073480546883,1,0,50308,1,0,2.39768602699594
6.59999999999999,0.1,7.62667529234026,9.83397617972317,1,0,50377,1,0,7.34896396933561e-07
2.2,0.1,2.26935817690937,8.93257524128797,0,1,50407.4,1,0,1.20944185160548
6.69999999999999,0.1,8.41258578810178,6.83941752715698,1,0,50422,1,0,0.00145507551768056
5.1,0.1,2.77763103653338,8.81537490827735,1,0,51409,0,0,1.2021752194495e-05
5,0.1,2.12281366393279,6.26580486769313,1,0,58492,0,0,0.0332961916515496
5.2,0.1,5.21670394905367,7.50482130348607,0,1,58670.8,1,0,0.00192419322369922
4,0.1,4.27590559730215,6.73404112087807,1,0,58671,0,0,3.73338801904194e-07
3.2,0.1,3.27892059286448,9.05351546452867,0,1,60507.5,1,0,1.00114604228285e-12
4.8,0.1,7.08196267470744,8.80697765561994,1,0,61619,0,0,5.35773190062037e-07
2.3,0.1,2.30866084628563,9.48674665058568,0,1,61785.6,1,0,0.00424312157214328
6.79999999999999,0.1,6.80591662175415,5.48077157103097,1,1,62438,1,0,4.25414848587325e-13
4.1,0.1,4.14229401986455,7.50114657186155,0,1,67463.6,1,0,1.74882121133413e-05
4.3,0.1,4.55658714606819,7.83091714733387,1,0,68041,1,0,0.000161541716018928
7.89999999999999,0.1,4.37962165220582,6.20959857228151,1,0,69435,0,0,0.0329634927233444
5.9,0.1,4.51932373397011,9.07916444456297,1,0,69473,0,0,0.127094518712566
3.6,0.1,3.66614479581263,6.06832288277585,0,1,70075.2,1,0,1.75327735377198e-13
4.7,0.1,5.75610587109122,5.99998889462453,1,0,70492,1,0,4.12017547796133e-06
13.6,0.1,6.89181350692766,9.95763885942405,1,0,71032,0,0,0.0743139445018378
4.4,0.1,5.18029689786286,5.81627687522303,1,0,71083,1,0,0.03020020742155
4.2,0.1,5.72122413892851,8.68534778449738,1,0,72078,1,0,5.69872710887537e-07
8.59999999999999,0.1,11.210912168897,6.02075176411422,1,0,72456,1,0,0.29764568360159
7.99999999999999,0.1,4.02280012504878,5.61466949017402,1,0,72461,0,0,0.000656270045903676
13.8,0.1,15.3545180374606,9.66764593335695,1,0,74212,1,0,0.00311933059296679
4.5,0.1,4.46273783151179,6.15715446419115,1,0,76340,0,0,0.00242782983122761
5.6,0.1,7.00807607326347,6.6272219039743,1,0,76404,1,0,1.92448088916671e-05
4.1,0.1,4.13291162819108,5.68718403658812,0,1,78476.2,1,0,2.01215813556921
4.2,0.1,4.22396775907368,6.67991454885987,0,1,78480.2,1,0,15.0267778727571
6.09999999999999,0.1,6.52184524018834,5.69584020210511,1,0,79474,0,0,0.00166782330359582
5,0.1,6.09163184763708,7.17254794222563,1,0,79919,1,0,7.87172491711365
4.5,0.1,4.56211406766502,9.4221366531416,0,1,79922.4,1,0,0.00678271651308809
6.19999999999999,0.1,3.75505206011389,8.10803401713881,1,0,80348,0,0,0.0968778923734621
5.4,0.1,5.98620828451386,7.78791840909679,1,0,80468,1,0,0.254431813021245
5.7,0.1,9.26825625229919,6.67967555343397,1,0,80629,0,0,4.16211733575211e-16
4.9,0.1,4.90522706897334,8.80751310079149,0,1,89046.9,1,0,0.629068057535801
2.2,0.1,2.21982453043822,9.11114197849641,0,1,89354,1,0,0.291665841228783
3.5,0.1,3.58043338624431,5.05684061174619,0,1,90382.6,1,0,0.0125293672680195
4.7,0.1,4.73261123088863,6.59731392777071,0,1,90884.4,1,0,0.00384505362418096
6.59999999999999,0.1,10.0516867945475,7.43751550984302,1,0,92570,0,0,5.01946183596918e-06
3.9,0.1,3.99362334427554,8.57672619980014,0,1,93403,1,0,0.109021071835228
6.19999999999999,0.1,7.64694447477912,6.02202779414537,1,0,93516,1,0,0.000449043953307942
2.9,0.1,2.98687085762203,5.62963060807086,0,1,95562.7,1,0,2.33771384465538e-08
7.69999999999999,0.1,6.71083922957343,8.38537934973574,1,0,95625,0,0,1.96340479138892e-05
4.7,0.1,4.75902255189339,8.37707906929754,0,1,97166.8,1,0,0.0520316245319399
2.5,0.1,2.59425067121456,9.54163565379262,0,1,97413.2,1,0,0.235712378633245
5.5,0.1,5.51025331812184,6.4953818197507,0,1,98285.4,1,0,0.23827570224776
4.7,0.1,5.11057719564543,6.79615353562094,1,0,98287,0,0,0.00394639018235009
7.39999999999999,0.1,9.14929973436846,9.98788696247277,1,0,98290,0,0,0.0105290023412054
8.89999999999998,0.1,5.30150124165161,8.69644407298727,1,0,98945,0,0,0.021345741311254
6.39999999999999,0.1,3.44607002966897,5.72534559954045,1,0,102907,0,0,0.000675905559641241
5.6,0.1,5.67356491300344,7.42285742331661,0,1,103146.2,1,0,5.58925833681606e-09
5.5,0.1,3.69217341443123,6.74032855637239,1,0,103556,0,0,0.25818586592674
6.09999999999999,0.1,4.28202775735438,7.46197271522865,1,0,105199,0,0,0.206644230192587
4.2,0.1,7.04492134214344,9.93375062547699,1,0,105843,1,0,7.45787386594464e-06
5.2,0.1,4.83431652630593,6.06014411142215,1,0,107252,0,0,6.6926612124976e-06
3.6,0.1,3.60292223426376,5.17885567160152,0,1,107612,1,0,0.00753875281185582
6.29999999999999,0.1,4.62591240252014,7.36401325280228,1,0,107614,0,0,0.600055115824511
8.89999999999998,0.1,2.81239596586526,6.18382479307765,0,0,107615.5,0,0,1.49109220411625
4.9,0.1,4.92733299462689,9.78930528250307,0,1,108728.9,1,0,0.172386649136669
3.9,0.1,4.2413125084948,8.94233498190047,1,0,108887,1,0,0.00650081837100197
5.1,0.1,5.37719695071346,5.45880278097174,1,0,110400,1,0,3.2263877035855e-08
5.3,0.1,5.35484830229247,6.62939976452734,0,1,110984.5,1,0,7.81355689039404e-08
8.39999999999999,0.1,6.70800273825351,9.34152142736252,1,0,111571,0,0,0.000334998798235911
6.59999999999999,0.1,8.84024277747628,7.70888981229554,1,0,111929,1,0,0.004990510450554
3.7,0.1,3.76514084362533,5.19431848258291,0,1,113236.9,1,0,0.000109180149580887
5.9,0.1,5.95653069822093,5.37569078688902,0,1,113712.6,1,0,0.00935088177853076
2.7,0.1,2.78153105036152,8.13486912589631,0,1,114291.6,1,0,0.00523358758974362
4.9,0.1,4.93576812900047,6.00552781031806,0,1,114655.3,1,0,8.84486181090188e-09
4.3,0.1,4.6470317018624,8.93058536474545,1,0,117062,1,0,3.56963325046961
4.9,0.1,2.3402635064006,8.06331923940999,1,0,117227,0,0,1.54240915969923
3,0.1,3.01738758285245,6.31225943577658,0,1,120601.8,1,0,3.40766953014768e-07
6.19999999999999,0.1,3.46179044529834,6.46344870242072,1,0,121926,0,0,4.02231246212367
4.5,0.1,4.53362137377384,5.77051150944304,0,1,123986.9,1,0,1.54674116304107e-06
3.7,0.1,3.75497163611248,6.80425187545237,0,1,124278.1,1,0,0.00349084854837762
5.1,0.1,5.17808653990492,5.92268384764051,0,1,126945.7,1,0,0.756985545766501
5.2,0.1,5.24075915351114,5.08242912254984,0,1,130195.2,1,0,0.0754260180554467
5.5,0.1,5.52928658130021,6.97167188245713,0,1,130204.1,1,0,2.30302814074593e-07
5.4,0.1,4.62178223817715,6.84986723446124,1,0,130421,0,0,6.76864915921822e-08
5,0.1,5.08250529840636,7.99434960231974,0,1,130422.9,1,0,9.17050356857628e-06
13.9,0.1,17.4321852015055,9.86758512039577,1,0,133462,0,0,7.98906955150628e-13
9.59999999999998,0.1,13.8911026406443,6.40688511244443,1,0,137092,1,0,2.21000110240857
4.8,0.1,6.5834845683622,6.08170135394665,1,0,138010,1,0,0.000543023180281817
3.7,0.1,8.53410819224051,5.25828628053203,1,0,141505,0,0,0.00394299157524103
5,0.1,7.0819017078192,7.10331310340931,1,0,144074,1,0,0.463239440965165
2.4,0.1,2.42956755964537,7.27369620668717,0,1,144231.7,1,0,0.0223406880122108
5.4,0.1,3.06304055214333,9.98730775182614,1,0,144494,0,0,0.0238897815674897
3.1,0.1,3.10447306512781,6.15919223590342,0,1,144906.2,1,0,1.8460218377926
5.99999999999999,0.1,7.39141613184641,9.44584418849381,1,0,147963,1,0,0.815328500082292
8.99999999999998,0.1,10.6165295337499,9.18207336906684,1,0,148858,1,0,0.00183378649425411
6.29999999999999,0.1,8.24676911396723,6.78200609688886,1,0,149796,0,0,0.0309400793716825
5.99999999999999,0.1,6.09959627308633,7.43975203752921,1,1,150285,1,0,9.76324980001215e-07
4.4,0.1,6.13558880504818,9.42246312654399,1,0,151583,1,0,2.06894624533882e-10
2.7,0.1,2.7014377137492,9.57675231220274,0,1,153470.2,1,0,0.000191455825080894
4.7,0.1,4.4582331345956,8.6962367353794,1,0,156838,0,0,2.58670241339908e-08
5.99999999999999,0.1,6.45029623087721,6.03092078179341,1,0,157301,1,0,4.61330383667592e-07
6.09999999999999,0.1,6.91013991985295,6.92099615159211,1,0,158149,1,0,0.0677323311424056
4.3,0.1,4.31854965786368,8.53116030264632,0,1,160978.2,1,0,0.0383163704331411
4.6,0.1,5.41676563010422,9.45942682653764,1,0,162064,1,0,0.116059599817052
2.4,0.1,2.4389999907494,6.54669432722412,0,1,163229.8,1,0,1.96005129417335e-08
4.3,0.1,4.39765797474669,5.29807295213898,0,1,166932.8,1,0,0.449123634643396
5.9,0.1,5.96739543116689,8.86593994783463,0,1,168398,1,0,5.32666701310977e-05
3.7,0.1,3.71293811014167,8.78535319128142,0,1,168801.3,1,0,1.31098779708182
7.09999999999999,0.1,9.3698346197807,8.43554607487024,1,0,168804,1,0,0.713112944165035
4.3,0.1,3.6845390695706,7.21360357063126,1,0,170040,0,0,8.15610576605849e-05
3.1,0.1,3.11777240568104,6.8371540002048,0,1,170431.5,1,0,1.03463605993579
4.5,0.1,4.57380161800105,7.60329568306606,0,1,170435,1,0,0.676300130590943
3.3,0.1,3.31837699299687,6.79348628283928,0,1,170436.1,1,0,0.0447580799736541
4.8,0.1,4.85285047140427,9.25299087295778,0,1,170668.7,1,0,1.00467640430483e-09
2.5,0.1,2.52971290712426,7.53205142895208,0,1,171700.3,1,0,0.000537825228836371
4,0.1,4.07019784087946,6.608804985376,0,1,171702.1,1,0,2.60584279930907
4,0.1,4.04851757355009,9.1222139756221,0,1,171705.9,1,0,1.99589175504857e-08
5.6,0.1,5.08807063274888,8.91300034400468,1,0,175075,0,0,0.359570910712705
6.89999999999999,0.1,2.98611044929203,9.78325408978045,1,0,177203,0,0,4.81606956895152
7.99999999999999,0.1,6.57721987525973,7.96738888007748,1,0,177206,0,0,0.0992634122924323
5.8,0.1,9.5358338996314,8.06593515108647,1,0,178412,1,0,0.000159385761972756
3.2,0.1,3.25015424400466,7.03986701942487,0,1,179374.1,1,0,0.000198480435186217
4.6,0.1,2.79094673920958,6.69233996134034,1,0,182503,0,0,6.01338558116406e-09
5.7,0.1,4.77890777171469,5.12341413585513,1,0,182584,0,0,0.0174635106387891
6.49999999999999,0.1,6.50032927590936,8.33694246532089,0,1,184743.9,1,0,2.57476061103024e-10
5.6,0.1,5.68159638542669,7.07000625209133,0,1,186660.7,1,0,1.0781720898556e-06
4.6,0.1,2.62766988991087,8.98204791254651,1,0,186662,0,0,1.06962692321872
4.7,0.1,4.48854030160527,9.91517183243862,1,0,187810,0,0,3.39418010882889e-05
6.49999999999999,0.1,6.72600384826597,8.73443951032855,1,0,188177,1,0,3.64152440446517e-06
4.2,0.1,6.19124691778276,7.93234589762735,1,0,191301,1,0,4.76468067522532e-05
5.3,0.1,7.24009103866073,8.00105919849053,1,0,194274,1,0,1.65266886375124e-15
4.4,0.1,2.64558320311395,5.49889828401991,1,0,195333,0,0,2.55698012021174e-11
5.6,0.1,5.64908014494269,8.24305195475683,0,1,195848.4,1,0,0.0269531797215485
6.79999999999999,0.1,6.97857643089726,9.19640928691922,1,0,195858,1,0,3.64011788088768e-21
5.2,0.1,5.39532875759525,6.18030898982558,1,0,197266,0,0,0.00942531309624556
6.39999999999999,0.1,4.59929614651837,9.69472386218982,1,0,199608,0,0,2.35141434875329e-06
6.09999999999999,0.1,7.51069115361928,7.57298897638035,1,0,199609,1,0,0.00382667052478167
12.7,0.1,14.4644274893748,7.08170040590743,1,0,200501,1,0,0.111720803802004
4.1,0.1,4.19846235409559,9.14071268414354,0,1,200727.3,1,0,0.000410325634072624
5,0.1,5.43110776352616,6.2627227700661,1,0,200991,1,0,0.320382156232954
7.79999999999999,0.1,7.80618688616996,8.09952073188006,0,1,202564.3,1,0,1.68557461887753e-12
3.6,0.1,4.07839755014408,5.93063468355303,1,0,202839,1,0,4.92640935981436e-11
5.9,0.1,5.98919627419262,9.85162140720067,0,1,203550.4,1,0,0.222006805564537
4.1,0.1,4.13508898529699,9.25070232999746,0,1,203633.7,1,0,0.212909154053215
5.1,0.1,4.01008538116298,7.94390934202583,1,0,203772,0,0,0.0367715798793797
2.2,0.1,2.26953962192381,8.08238351318339,0,1,206531.7,1,0,3.65446717637383e-05
6.79999999999999,0.1,8.43819771921614,7.88113917717468,1,0,206566,1,0,0.000325697312496596
3.4,0.1,3.45154533372251,8.99728657562036,0,1,208092.7,1,0,0.00906609198141663
3.6,0.1,5.21040281910646,9.14138446609169,1,0,208568,1,0,0.00560593602456084
5.6,0.1,5.06981348960698,8.5860129878658,1,0,209184,0,0,2.15533265444392e-12
5.1,0.1,6.60155312190233,6.1812283582427,1,0,209622,0,0,0.0131672620823297
5.8,0.1,5.857652693823,6.32984367243096,0,1,211171.6,1,0,6.39013490596443e-05
2.2,0.1,2.28865698807283,7.4839051950001,0,1,211604.2,1,0,1.18153991799986e-11
4.5,0.1,4.57219498565355,8.72701653609511,0,1,212946.6,1,0,0.000562971924495938
3.3,0.1,3.30205662009941,6.22636003337633,0,1,215216.9,1,0,22.0766522036674
4,0.1,6.96610039470517,9.2430689798686,1,0,215810,1,0,8.01979920215837e-06
3.5,0.1,3.59500045304093,9.87269654383138,0,1,215865.4,1,0,3.68218255277664e-12
4,0.1,7.31018073193649,5.29435246928134,1,0,219071,0,0,0.00143123697804201
5.2,0.1,5.29521951537539,6.45885649094171,0,1,219622.5,1,0,3.07647304572533e-07
5.9,0.1,5.93149587876444,5.3090899579431,0,1,220434.9,1,0,0.0108665512325094
5,0.1,5.09255701455492,6.62998311456206,0,1,222046.9,1,0,0.0983168865008512
5.6,0.1,6.26482342979116,5.72411340514252,1,0,225021,0,0,0.00110829743253106
4.3,0.1,4.39734565822592,5.69188395158216,1,0,225168,0,0,0.0206502639901392
6.79999999999999,0.1,9.92922231998969,8.42627006058503,1,0,227614,1,0,4.20842051717945e-06
5.2,0.1,8.24272426256275,6.68146935977752,1,0,227763,1,0,4.00128569114088
5.1,0.1,2.79408864824193,5.36925751742952,1,0,227764,0,0,0.0702695239087195
5.7,0.1,6.48348765110886,6.0202097037415,1,0,228786,1,0,0.652169807972257
4.6,0.1,2.42531654391038,5.73785168203207,1,0,229094,0,0,2.07454621116893
5.7,0.1,5.75747913769174,5.55684084303965,0,1,229096,1,0,0.000248803069644407
5.5,0.1,6.26149014105576,9.81809674587994,1,0,229414,0,0,0.00289748945198755
4.5,0.1,5.46494089778824,5.14873197024865,1,0,229474,1,0,1.37526970924998e-06
3.5,0.1,3.54832898462881,9.12691585496049,0,1,229729.9,1,0,0.0165551188517518
5.6,0.1,5.65394176630999,9.5367673961186,0,1,229738,1,0,3.62380838910213e-08
7.19999999999999,0.1,8.50297540619467,7.70037608602694,1,0,229743,1,0,0.00164103591489317
3.4,0.1,3.44321346765261,5.25970205854124,0,1,230204.9,1,0,4.55984799853189e-08
6.09999999999999,0.1,7.97259217541996,8.67791053567278,1,0,230246,1,0,2.35360608244407e-07
3.9,0.1,3.91968251570096,7.78395707087887,0,1,230864.9,1,0,1.09517778152038e-08
4.2,0.1,3.33732340503463,7.62227872510474,1,0,232082,0,0,0.000155284017611374
6.49999999999999,0.1,5.8479763364469,9.17401042660192,1,0,232342,0,0,1.4278395964271
12.6,0.1,12.6019836275316,5.82854745074467,0,1,234292.9,1,0,0.00636373761364741
2.9,0.1,2.98172025242693,6.16235447939677,0,1,234450.1,1,0,0.0296926702040149
6.49999999999999,0.1,7.0549054958591,5.39456237975378,1,0,234687,1,0,0.428562454949769
5.1,0.1,5.83502589465239,9.59327914574446,1,0,234729,0,0,1.4403196370703e-12
8.39999999999999,0.1,8.99737187842531,7.77675442295082,1,0,238397,1,0,6.37660764265844e-06
6.29999999999999,0.1,5.89548944205158,9.0129316567727,1,0,241408,0,0,0.0881460663149148
4.4,0.1,4.40609852085534,8.54651049209182,0,1,242404.5,1,0,2.1686681127637e-16
6.19999999999999,0.1,5.77290665477578,9.12681965314074,1,0,245336,0,0,0.00267301419842939
5.3,0.1,5.25652762946374,8.83958893736643,1,0,245828,0,0,2.36808289619503e-16
5.8,0.1,3.17938067060472,6.48032805993351,1,0,245903,0,0,1.2336852915609
4.2,0.1,4.24432970824219,6.62853025152987,0,1,248761.1,1,0,0.310092059341204
5.99999999999999,0.1,11.0310118242426,7.62260176498891,1,0,249300,1,0,0.440058162684153
5.8,0.1,5.88980970499467,7.44669490831418,0,1,249399.9,1,0,0.314845593762056
4.3,0.1,5.93471064475113,8.30934842088179,1,0,249961,1,0,0.0401673826348239
4.1,0.1,4.12001527053596,7.66039546569735,0,1,250745,1,0,6.25314215791411e-08
5.3,0.1,3.30507550544822,6.65836188889682,1,0,251737,0,0,4.80774429447957e-11
7.99999999999999,0.1,10.0677888107405,9.80433487423761,1,0,252091,1,0,1.15045144259304e-30
4.8,0.1,4.80995160324722,9.69154215899846,0,1,252181.9,1,0,1.18136958344911e-07
4.3,0.1,4.39237893167504,5.67793433543145,0,1,255817.7,1,0,0.400050045389984
6.29999999999999,0.1,6.29674609328549,7.13059102373481,1,0,255873,0,0,0.168791810965577
8.69999999999999,0.1,12.2376400406463,5.61384255793107,1,0,258192,0,0,0.0985118006064745
4.4,0.1,5.33401949041945,5.3046583361957,1,0,259380,0,0,0.123096038433396
3.5,0.1,4.76496748541749,5.36836857286344,1,0,260735,1,0,0.20754229095245
5.99999999999999,0.1,6.42472762441287,5.62943102502853,1,0,262858,1,0,0.0269650407068687
4.6,0.1,4.66534345158215,7.57763960682756,0,1,263170.7,1,0,0.0149595701198018
3,0.1,3.03031107289457,5.87569170169598,0,1,263170.9,1,0,3.26819200649921e-06
5.6,0.1,4.07232915933102,6.97460171488316,1,0,263175,0,0,5.66529134467718e-05
6.39999999999999,0.1,8.82023065538388,9.07218624239177,1,0,263438,1,0,0.000230852066869883
4.5,0.1,5.38159492039126,5.67023237054692,1,0,263819,1,0,0.000302878090353212
3.7,0.1,3.76169140094702,7.42782468006037,0,1,263976.2,1,0,2.11900205170836e-10
5.3,0.1,5.77804190876628,6.42505062904458,1,0,264234,1,0,0.00053374067104207
4.4,0.1,5.34148830219637,5.28403375338701,1,0,265919,1,0,0.513870672493666
5.5,0.1,6.54128096925792,7.52062003699109,1,0,267673,0,0,4.81371617895613
6.79999999999999,0.1,8.65165465611924,5.61816798138798,1,0,267678,1,0,3.39158384096195e-09
3.4,0.1,3.47439954738915,7.6226225281816,0,1,269675.8,1,0,0.00405907584790799
5.6,0.1,5.65648704235882,7.584594408155,0,1,269968.4,1,0,0.286444895272446
4.3,0.1,4.30475560058867,6.97361938356913,0,1,270440.8,1,0,1.08200346612594e-10
4.9,0.1,4.2802439177115,5.2321849455912,1,0,270465,0,0,0.00201860391081429
3.4,0.1,3.49330118388569,5.70248730909025,0,1,270669.5,1,0,4.66972611252128e-07
3.2,0.1,3.26481787946894,9.5083982040233,0,1,271823.1,1,0,0.79032688449637
3.3,0.1,9.82817183316099,7.35557297449621,1,0,271972,0,0,5.79293655732075e-09
2.2,0.1,2.20137526409864,8.9717657271063,0,1,272077.1,1,0,0.0246964290369777
5.99999999999999,0.1,4.40312743613075,8.33860740756146,1,0,274248,0,0,0.768422220893113
6.39999999999999,0.1,8.29483358732228,8.85162201419117,1,0,274251,0,0,0.00095467827806101
8.49999999999999,0.1,11.1503234678792,5.91902325475673,1,0,277069,1,0,1.03864798213566e-06
6.39999999999999,0.1,8.40139824115967,6.69132493292195,1,0,277531,1,0,0.0330229876083176
6.09999999999999,0.1,2.81615070270728,6.34443799582292,1,0,279781,0,0,0.00413476504486799
4.4,0.1,5.0127560354953,6.9014409256362,1,0,281582,1,0,1.046408969179
6.09999999999999,0.1,6.43950132905019,8.38497136469239,1,0,282320,0,0,5.23853899850006e-22
3.3,0.1,3.34767628077182,7.47395871362692,0,1,282342,1,0,5.49001044561577e-14
3.8,0.1,3.53402243080449,7.09144216861067,1,0,284489,0,0,0.00456047937978178
4.4,0.1,4.43348840014039,9.76664127477893,0,1,284803.8,1,0,2.92838325677196
2.9,0.1,2.91751071598989,6.19878350955381,0,1,285924.3,1,0,5.84834030549497
8.09999999999999,0.1,3.02192178083931,5.8916627696522,1,0,286500,0,0,1.32811221782122e-06
3.2,0.1,3.22884986731532,7.91447014561049,0,1,286999.9,1,0,2.88460485203606e-06
3.8,0.1,4.4233038731444,9.1276515661486,1,0,287650,1,0,0.502967250346955
5.1,0.1,5.12729742863301,7.72369760639152,1,0,290580,0,0,0.641340569108944
6.79999999999999,0.1,5.20853743128295,7.38518311178113,1,0,290582,0,0,0.0801617930203847
2.1,0.1,2.14770280096497,5.0221824806544,0,1,291770.3,1,0,3.4399010826509e-08
5.1,0.1,5.1223997113073,9.43927957670271,0,1,294265.5,1,0,0.0580278407870889
5.4,0.1,5.43180350220607,8.19684181214216,0,1,295989.3,1,0,2.10003698856688e-13
3.1,0.1,3.17151557908647,5.75257159454095,0,1,296906.7,1,0,0.0522802315432426
4.7,0.1,4.819690700946,5.58291399372194,1,0,299797,0,0,1.20629079348506
2.9,0.1,2.91885242984724,5.50182469774037,0,1,299798.6,1,0,8.63226295839892e-07
10.6,0.1,13.0271189201437,9.91698292172449,1,0,302411,1,0,6.25510304410007
2.5,0.1,2.5108790959196,7.61165950408308,0,1,302785.7,1,0,0.0002979284209961
5.8,0.1,8.78787140682951,6.70139089053333,1,0,303131,0,0,0.00355616509024698
6.79999999999999,0.1,8.68217715829203,5.33274767854679,1,0,303626,0,0,6.06113014677683e-10
4.9,0.1,4.94498048099927,5.97442746018127,0,1,304138.7,1,0,2.32243001592101e-15
4.6,0.1,4.68680889688828,9.2512327596931,0,1,304204.6,1,0,2.58857437835178
3.6,0.1,3.69713967424614,8.60239659947114,0,1,304205.9,1,0,0.56611829521269
7.39999999999999,0.1,9.38959543943585,6.1284742410955,1,0,304928,1,0,1.08870662003265e-06
3.5,0.1,6.04236081974339,8.56268884831026,1,0,306950,0,0,0.000594534340491289
6.29999999999999,0.1,8.82513437993752,5.86235948328983,1,0,308145,0,0,1.84846562996399
5.7,0.1,6.00025625421403,8.89088064872504,1,0,308568,1,0,0.0166879342014555
4.5,0.1,3.26802712643529,7.20738516190365,1,0,308581,0,0,0.000115613455872834
6.09999999999999,0.1,6.68812071319394,8.2634805920739,1,0,308882,1,0,0.11190058830815
4.5,0.1,3.63879151320546,5.78862799530703,1,0,309044,0,0,1.94529666435971e-06
4.9,0.1,4.98809698756607,5.53101213127348,0,1,310258.4,1,0,1.87611516494445e-05
3.7,0.1,3.73814852780483,6.87333389181069,0,1,310364.3,1,0,4.25535838390287e-05
2.9,0.1,2.91493914438409,5.23295670101803,0,1,310828.8,1,0,1.27448110159845e-10
4.4,0.1,5.36140965081673,7.85536412648774,1,0,310840,0,0,0.20778209337081
5.4,0.1,5.47747042084091,5.51997675368802,0,1,311628.7,1,0,1.00204063300386e-08
4.5,0.1,4.50630633308842,9.20139402529464,0,1,314208.6,1,0,0.777935993421725
4.2,0.1,4.20316277211057,9.10580579874799,0,1,315099.2,1,0,0.224350382961626
6.29999999999999,0.1,4.55141854019193,5.64950922799156,1,0,315945,0,0,4.73619163668726e-10
3.5,0.1,3.56612283530707,9.35769551201741,0,1,317128.4,1,0,0.137466793635074
6.49999999999999,0.1,8.8483939254837,6.26209080990542,1,0,317759,0,0,1.66690573357645e-05
3.1,0.1,3.13120213265899,7.46355258630523,0,1,320497.9,1,0,0.321706196592422
5.2,0.1,6.4267190937784,8.3241118508647,1,0,320829,0,0,1.04958850845291e-10
3,0.1,3.03787657165866,5.44684664198979,0,1,320929.9,1,0,0.0141951474858703
6.69999999999999,0.1,5.19539782899768,8.77815078741965,1,0,325668,0,0,0.158073067891857
4.1,0.1,4.10672020669949,9.17263457684328,0,1,325767.8,1,0,0.018366509671313
3.5,0.1,5.58277797896818,5.72213862392669,1,0,326144,1,0,0.0187874586089085
4.9,0.1,4.92229911464725,6.21827956378698,0,1,326588.6,1,0,8.84203021278193e-07
4.7,0.1,6.38682339644156,9.91562121691361,1,0,327353,1,0,0.082410893599744
5.3,0.1,7.32637667970143,6.6249590233107,1,0,328867,0,0,0.105547959857168
5.99999999999999,0.1,6.03036213248061,7.37667218688819,0,1,329611.4,1,0,0.00232199088330242
3.4,0.1,5.63467906763992,5.28228891566251,1,0,329952,1,0,0.010437724453496
5.99999999999999,0.1,6.34043480532582,9.6018696598097,1,0,330910,0,0,4.33326484272734e-08
4.1,0.1,6.99408958703424,6.0505532721866,1,0,332360,0,0,1.36215383775669e-10
6.19999999999999,0.1,7.5997589899465,9.15739401986389,1,0,332728,0,0,2.4266875934703e-09
2.8,0.1,2.83555378909909,8.45160021607741,0,1,333130.4,1,0,0.000403485152239659
2.5,0.1,2.56069534714317,6.2360063718664,0,1,333738.1,1,0,0.10394039761188
2.8,0.1,2.83297756595496,9.14411660531879,0,1,334665.1,1,0,0.116725674457857
4.4,0.1,4.45620183054717,7.76370829576187,0,1,334902,1,0,0.000355827505134914
4,0.1,4.07830222575096,8.5781593922371,0,1,335249.3,1,0,5.25930271147412e-11
4.8,0.1,3.66891223921652,9.12393920659322,1,0,335680,0,0,0.311664854173631
4.7,0.1,4.75858143690679,5.86580209133106,0,1,337526.9,1,0,0.349670908546968
4.9,0.1,5.01428559880333,9.15301868951284,1,0,339240,1,0,5.03612570961233e-24
3.8,0.1,3.84457342500677,8.48726148138814,0,1,340528.5,1,0,0.00244553486339816
5.7,0.1,7.39470216142409,5.34549343208207,1,0,341241,0,0,3.18011217758735
4.4,0.1,6.39504077282074,6.37831229903333,1,0,341860,1,0,3.80313031997219e-21
5.2,0.1,5.28380739307694,6.58502997422075,0,1,344140,1,0,1.73925017325202e-06
5.5,0.1,6.26009061991334,5.77701981513971,1,0,346097,1,0,8.29792503553264e-05
4.8,0.1,8.15980023866857,5.45864501505525,1,0,346358,1,0,1.89252988318342
5.5,0.1,8.09741881284462,5.51149436722718,1,0,346654,1,0,1.15778990687419
7.49999999999999,0.1,8.7209891328301,6.14979983805084,1,0,347950,0,0,0.924098778906686
3.9,0.1,3.29811832694815,5.06483647635496,1,0,349734,0,0,0.0133812451279583
4.2,0.1,4.21774919545397,5.44041701000825,0,1,351297.3,1,0,7.19318847608673e-08
2.2,0.1,2.26835639264038,6.70926630062422,0,1,351297.8,1,0,0.0724374236377726
6.49999999999999,0.1,8.85191054679553,9.76559035610852,1,0,351298,1,0,1.2542288150388
3.4,0.1,3.44292763760532,9.80731067474765,0,1,352289.8,1,0,3.01217648207761e-05
6.49999999999999,0.1,11.5266539459321,8.34262246671854,1,0,352958,1,0,3.52072739218567e-20
3.5,0.1,3.50740707374952,9.97372170917901,0,1,357681.4,1,0,7.76643216838959
4.4,0.1,4.42934124684372,6.12318687698352,0,1,357682.2,1,0,2.16117993208224e-08
7.39999999999999,0.1,1.57953807346882,5.90907752927906,0,0,357688.7,0,0,0.0418661311767958
3.8,0.1,3.81021680430371,7.71480998925069,0,1,358899.4,1,0,0.0428519417924081
3.8,0.1,3.64718509911646,7.22397151953534,1,0,359926,0,0,0.00751952259148896
4.2,0.1,5.84079487764957,9.1617557885281,1,0,361485,1,0,1.52913493353187e-07
2.8,0.1,2.8023988248998,6.2360100857528,0,1,362111.7,1,0,0.00170813451268555
7.39999999999999,0.1,2.55572986446376,7.47227298110911,1,0,362781,0,0,0.00825645092963336
3.7,0.1,8.45686107238337,8.33822738730972,1,0,362972,0,0,0.0385314301463851
4.8,0.1,5.55223184910675,8.3483815862416,1,0,363678,1,0,0.628298198664786
4.1,0.1,3.96254396703949,9.58348317797183,1,0,364395,0,0,0.000655830041639971
4.4,0.1,4.47194383696336,6.27129022566842,0,1,368609.4,1,0,0.940920528409605
4.1,0.1,5.16786267109677,7.0236028595087,1,0,369215,1,0,8.82939576589325e-05
3,0.1,3.01859085409012,7.8154443698989,0,1,369216.7,1,0,4.67908226807312
5.9,0.1,7.98204934304649,9.13766547801931,1,0,369682,1,0,0.187146372810756
5.7,0.1,4.99256933156414,5.91652244970135,1,0,370403,0,0,0.000163353770362444
9.09999999999998,0.1,9.15165219131257,6.44532692607453,0,1,373144.3,1,0,0.412568943323807
3.5,0.1,3.55892125994974,8.46740944884789,0,1,373263.8,1,0,0.00241237179443729
6.19999999999999,0.1,8.17151928900645,8.14138427650951,1,0,374463,1,0,1.69778062156047e-05
5.1,0.1,5.10889714642081,9.81148307631361,0,1,376606.6,1,0,0.000365261891298812
3.3,0.1,4.8238566862623,5.89735372608785,1,0,378989,1,0,0.00189280245187374
7.69999999999999,0.1,12.0336994566036,5.68581574529039,1,0,379844,0,0,0.190343696274378
3.5,0.1,3.50146959092563,8.4147325527391,0,1,381532.9,1,0,0.000285151519621193
2.9,0.1,2.97944719490857,8.81032555473684,0,1,383559.5,1,0,6.44980211248003e-07
4,0.1,4.02197667626698,8.8988762608131,0,1,385963,1,0,0.00430396740250867
3.4,0.1,3.46844816154251,8.90831855335458,0,1,387158.1,1,0,9.4791394873912e-12
5.2,0.1,7.26044227400102,8.3223753769992,1,0,389612,1,0,3.4258165071705e-13
4.8,0.1,4.86742198001354,7.513486222041,0,1,392386.5,1,0,0.00329018435694318
1.9,0.1,1.94942814401198,5.92817678467842,0,1,393131.7,1,0,0.00105262126230204
3.6,0.1,4.68546158632413,7.67276666210983,1,0,393701,1,0,0.436464010312887
3.7,0.1,3.71500545076415,8.04201455511723,0,1,394607.8,1,0,1.24011729989785e-10
2.4,0.1,2.43103457906308,8.60065848416565,0,1,395726.2,1,0,9.38922185984547e-07
4.6,0.1,4.63512987923532,9.34548271656398,0,1,395729,1,0,1.98075702216625e-10
7.59999999999999,0.1,10.7846505172835,9.72012219275142,1,0,395731,1,0,5.64949210744618e-08
5.9,0.1,7.23058844266895,5.17251365576665,1,0,396933,1,0,0.049119840276832
5.2,0.1,8.30496133779504,5.04226578015863,1,0,396936,0,0,3.25622062906872e-06
5.99999999999999,0.1,3.6850362726442,5.98248277538698,1,0,397913,0,0,3.00713864867947e-07
